pickup_year,pickup_week,pickup_yearweek,passenger_count,total_rides,total_revenue,avg_fare
2002,1,2002-W01,1,11,337.620005607605,30.692727782509543
2008,1,2008-W01,1,10,717.3300104141235,71.73300104141235
2009,1,2009-W01,1,10,392.1699981689453,39.21699981689453
2009,1,2009-W01,2,6,251.4700050354004,41.91166750590006
2009,1,2009-W01,3,1,29.639999389648438,29.639999389648438
2009,1,2009-W01,5,1,70.19000244140625,70.19000244140625
2023,52,2023-W52,1,5,112.98000144958496,22.596000289916994
2023,52,2023-W52,2,4,69.29000091552734,17.322500228881836
2023,52,2023-W52,6,1,42.349998474121094,42.349998474121094
2024,1,2024-W01,0,49568,1175949.0598603897,23.723956178590818
2024,1,2024-W01,1,536426,14188290.581654796,26.449669817747083
2024,1,2024-W01,2,122705,3810522.6696636677,31.054339021748646
2024,1,2024-W01,3,33393,1077117.599834919,32.25579013071359
2024,1,2024-W01,4,25182,863543.7901139259,34.29210507957771
2024,1,2024-W01,5,8073,223677.58032798767,27.706872330978282
2024,1,2024-W01,6,5046,133846.07017683983,26.525182357677334
2024,1,2024-W01,7,5,487.1699981689453,97.43399963378906
2024,1,2024-W01,8,18,1807.7199935913086,100.42888853285048
2024,2,2024-W02,0,37571,956679.2494994402,25.463236259334067
2024,2,2024-W02,1,500322,13036333.45873952,26.055886926298502
2024,2,2024-W02,2,93612,2738580.838791847,29.254591706104424
2024,2,2024-W02,3,20885,593478.5196065903,28.416496030959554
2024,2,2024-W02,4,11639,343803.99986743927,29.538963817118248
2024,2,2024-W02,5,7788,206706.56009316444,26.541674382789477
2024,2,2024-W02,6,5006,131596.2200293541,26.287698767349998
2024,2,2024-W02,7,1,12.710000038146973,12.710000038146973
2024,2,2024-W02,8,15,1538.1699905395508,102.54466603597005
2024,3,2024-W03,0,47166,1211098.1194298267,25.67735486218519
2024,3,2024-W03,1,498817,13074502.339774141,26.211019952756505
2024,3,2024-W03,2,90903,2628576.0484490395,28.916273923292295
2024,3,2024-W03,3,19532,535532.9597620964,27.41823467960764
2024,3,2024-W03,4,10079,289134.3199145794,28.686806222301755
2024,3,2024-W03,5,8181,209479.7400548458,25.605639904027115
2024,3,2024-W03,6,5340,135596.94998836517,25.392687263738797
2024,3,2024-W03,7,2,27.219999313354492,13.609999656677246
2024,3,2024-W03,8,13,1299.869987487793,99.98999903752254
2024,3,2024-W03,9,1,18.450000762939453,18.450000762939453
2024,4,2024-W04,0,40287,1007425.0994975846,25.006207945431147
2024,4,2024-W04,1,533931,13932879.975927481,26.0949073493157
2024,4,2024-W04,2,93389,2661414.278452873,28.498155869030327
2024,4,2024-W04,3,19525,536148.4096183777,27.459585639865693
2024,4,2024-W04,4,10044,281393.47992658615,28.01607725274653
2024,4,2024-W04,5,7575,193227.3500442505,25.50856106194726
2024,4,2024-W04,6,5380,137787.2399544716,25.611011143953828
2024,4,2024-W04,7,1,11.0,11.0
2024,4,2024-W04,8,3,219.05999660491943,73.01999886830647
2024,5,2024-W05,0,35151,882259.5093505383,25.099129736011445
2024,5,2024-W05,1,532806,13808710.326275596,25.916957253250896
2024,5,2024-W05,2,92676,2633331.878234625,28.414388603679754
2024,5,2024-W05,3,19227,529201.999689579,27.523898667997035
2024,5,2024-W05,4,9906,282993.56991553307,28.567895206494352
2024,5,2024-W05,5,7160,182192.93995046616,25.44594133386399
2024,5,2024-W05,6,5140,128619.5400147438,25.023256812206967
2024,5,2024-W05,8,6,395.9199981689453,65.98666636149089
2024,6,2024-W06,0,41025,1037538.639766641,25.290399506804167
2024,6,2024-W06,1,544173,14309397.545206308,26.295677193110112
2024,6,2024-W06,2,97375,2834962.5485167503,29.113864426359438
2024,6,2024-W06,3,20337,571233.2597239017,28.08837388621241
2024,6,2024-W06,4,10655,323667.1300404072,30.37701830505933
2024,6,2024-W06,5,7682,200721.07009649277,26.128751639741314
2024,6,2024-W06,6,5079,134567.96997451782,26.494973414947395
2024,6,2024-W06,8,3,89.0,29.666666666666668
2024,6,2024-W06,9,1,96.0,96.0
2024,7,2024-W07,0,62693,1483349.7692542449,23.660532583450223
2024,7,2024-W07,1,504048,12964647.448539972,25.721057217844276
2024,7,2024-W07,2,98363,2840768.2086999416,28.88045513760196
2024,7,2024-W07,3,20971,602420.3499927521,28.7263530586406
2024,7,2024-W07,4,12236,374681.9197819233,30.621274908624002
2024,7,2024-W07,5,7918,198882.56012058258,25.117777231697723
2024,7,2024-W07,6,5089,133005.7299451828,26.13592649738314
2024,7,2024-W07,8,4,385.54000091552734,96.38500022888184
2024,7,2024-W07,9,2,167.22000122070312,83.61000061035156
2024,8,2024-W08,0,48557,1173557.1793695465,24.168650850949327
2024,8,2024-W08,1,511789,13481105.327412486,26.341139273045115
2024,8,2024-W08,2,98968,2932030.5688779354,29.6260464885411
2024,8,2024-W08,3,23373,692807.3597180843,29.641353686650593
2024,8,2024-W08,4,13225,421278.77994060516,31.854728161860503
2024,8,2024-W08,5,7558,198949.59012031555,26.32304711832701
2024,8,2024-W08,6,4938,129015.9600558281,26.127168905594996
2024,8,2024-W08,8,3,206.3000030517578,68.76666768391927
2024,9,2024-W09,0,83075,1980994.9093759526,23.845861081865213
2024,9,2024-W09,1,557982,14941312.445407271,26.77740938848793
2024,9,2024-W09,2,98819,2933729.998999357,29.687914257373148
2024,9,2024-W09,3,20416,588589.979944706,28.829838359360597
2024,9,2024-W09,4,10622,322267.9497696161,30.339667649182463
2024,9,2024-W09,5,8006,215522.13009357452,26.92007620454341
2024,9,2024-W09,6,5479,142473.6500439644,26.003586428903883
2024,9,2024-W09,7,2,4.699999928474426,2.349999964237213
2024,9,2024-W09,8,5,481.0299987792969,96.20599975585938
2024,9,2024-W09,9,4,361.26000595092773,90.31500148773193
2024,10,2024-W10,0,105519,2569506.2292781994,24.351123771815498
2024,10,2024-W10,1,571879,15221693.98579625,26.61698363779095
2024,10,2024-W10,2,101633,2988782.307803631,29.4075970187206
2024,10,2024-W10,3,21848,613789.5796842575,28.093627777565796
2024,10,2024-W10,4,12048,351213.1695654392,29.151159492483334
2024,10,2024-W10,5,8009,213517.0500445366,26.659639161510373
2024,10,2024-W10,6,5332,137781.63994026184,25.840517618203645
2024,10,2024-W10,7,1,85.80000305175781,85.80000305175781
2024,10,2024-W10,8,4,387.12999725341797,96.78249931335449
2024,11,2024-W11,0,101697,2458711.2892395537,24.1768320524652
2024,11,2024-W11,1,573968,15753481.965056805,27.446620656651252
2024,11,2024-W11,2,104207,3200495.12816,30.712861210475303
2024,11,2024-W11,3,24441,727735.9195306301,29.775210487730867
2024,11,2024-W11,4,13861,429176.9997084141,30.962917517380713
2024,11,2024-W11,5,7470,210438.3903172016,28.171136588648142
2024,11,2024-W11,6,5334,143932.10990428925,26.983897619851753
2024,11,2024-W11,7,1,71.5,71.5
2024,11,2024-W11,8,2,121.05000305175781,60.525001525878906
2024,12,2024-W12,0,103269,2341035.6296427306,22.669296978209633
2024,12,2024-W12,1,547239,14876053.526830673,27.18383288989029
2024,12,2024-W12,2,98782,3053620.028706312,30.91271718234407
2024,12,2024-W12,3,22833,711962.499774456,31.18129460756169
2024,12,2024-W12,4,13641,442362.5500764847,32.428894514807176
2024,12,2024-W12,5,6911,196608.48019266129,28.448629748612543
2024,12,2024-W12,6,4552,121159.01010370255,26.61665424070794
2024,12,2024-W12,7,2,198.86000061035156,99.43000030517578
2024,12,2024-W12,8,1,112.4000015258789,112.4000015258789
2024,13,2024-W13,0,117698,2670410.8792540394,22.688668280293967
2024,13,2024-W13,1,517178,13949755.058634996,26.972831517649624
2024,13,2024-W13,2,98369,3061505.118241787,31.12266179631578
2024,13,2024-W13,3,27306,884238.92933774,32.38258731918772
2024,13,2024-W13,4,19184,648321.1199398041,33.79488740303399
2024,13,2024-W13,5,6745,189989.4500722885,28.167449973652857
2024,13,2024-W13,6,4543,120494.840072155,26.5231873370361
2024,13,2024-W13,8,1,121.0199966430664,121.0199966430664
2024,14,2024-W14,0,148240,3472623.4591785483,23.425684425111633
2024,14,2024-W14,1,563030,15126551.295494804,26.86633269185444
2024,14,2024-W14,2,105019,3263472.788445711,31.07507011536685
2024,14,2024-W14,3,27066,866330.2698161602,32.00806435439888
2024,14,2024-W14,4,18122,629601.8599016666,34.742404806404735
2024,14,2024-W14,5,7594,213607.17017173767,28.128413243578834
2024,14,2024-W14,6,5345,140653.59989881516,26.31498594926383
2024,14,2024-W14,7,4,114.5,28.625
2024,14,2024-W14,8,3,210.18000030517578,70.06000010172527
2024,14,2024-W14,9,2,131.43000030517578,65.71500015258789
2024,15,2024-W15,0,133205,3119207.929418061,23.416597946158635
2024,15,2024-W15,1,560745,15203912.414917946,27.113772597023505
2024,15,2024-W15,2,103557,3183432.3683371544,30.740870905271052
2024,15,2024-W15,3,23494,713523.8393938541,30.3704707326915
2024,15,2024-W15,4,14092,456031.57966542244,32.361026090364916
2024,15,2024-W15,5,7510,207943.85012292862,27.688928112240827
2024,15,2024-W15,6,4876,130730.79998874664,26.81107464904566
2024,15,2024-W15,7,1,12.600000381469727,12.600000381469727
2024,15,2024-W15,8,2,190.37999725341797,95.18999862670898
2024,16,2024-W16,0,94638,2303034.149419699,24.335194630272184
2024,16,2024-W16,1,580328,15905016.094810486,27.406942444290962
2024,16,2024-W16,2,106289,3303362.1078910828,31.079059054945315
2024,16,2024-W16,3,23606,707981.8196337223,29.991604661260794
2024,16,2024-W16,4,13832,441225.1699337959,31.89887000678108
2024,16,2024-W16,5,7632,212911.6100821495,27.897223543258583
2024,16,2024-W16,6,4785,127845.73997545242,26.718022983375636
2024,16,2024-W16,7,1,30.299999237060547,30.299999237060547
2024,16,2024-W16,8,6,527.0400056838989,87.84000094731648
2024,16,2024-W16,9,1,131.0,131.0
2024,17,2024-W17,0,58160,1415505.4394754823,24.338126538436768
2024,17,2024-W17,1,538207,14695686.074043393,27.304895837555797
2024,17,2024-W17,2,105220,3302317.938120961,31.384888216317822
2024,17,2024-W17,3,24389,767423.7895421982,31.465980136217073
2024,17,2024-W17,4,14860,504511.5296565294,33.9509777696184
2024,17,2024-W17,5,6914,194830.96005678177,28.179195842751195
2024,17,2024-W17,6,4569,120880.21005296707,26.45660101837756
2024,17,2024-W17,8,1,115.0,115.0
2024,17,2024-W17,9,1,113.75,113.75
2024,18,2024-W18,0,87400,2234814.8390295394,25.569963833289926
2024,18,2024-W18,1,593622,16196852.733515391,27.284791893688897
2024,18,2024-W18,2,113020,3503112.1073043346,30.99550616974283
2024,18,2024-W18,3,24770,762744.0396671295,30.79305771768791
2024,18,2024-W18,4,14674,487377.8496911526,33.2137010829462
2024,18,2024-W18,5,7473,211508.6402220726,28.303042984353354
2024,18,2024-W18,6,4953,130893.47998332977,26.42711083854831
2024,18,2024-W18,8,1,108.52999877929688,108.52999877929688
2024,18,2024-W18,9,1,109.0,109.0
2024,19,2024-W19,0,101744,2585245.548648976,25.409316998043874
2024,19,2024-W19,1,603022,16795688.682086825,27.852530557901414
2024,19,2024-W19,2,113991,3615898.688082576,31.72091382725457
2024,19,2024-W19,3,24824,749102.1698732376,30.1765295630534
2024,19,2024-W19,4,13513,432850.4698396921,32.03215198991283
2024,19,2024-W19,5,6943,197443.43021011353,28.43776900620964
2024,19,2024-W19,6,4551,123682.87008714676,27.177075387199903
2024,19,2024-W19,8,4,405.4700012207031,101.36750030517578
2024,19,2024-W19,9,1,118.62000274658203,118.62000274658203
2024,20,2024-W20,0,132844,3494880.1394342333,26.30815196346266
2024,20,2024-W20,1,613411,17754803.30388184,28.94438362514177
2024,20,2024-W20,2,114240,3648727.207384348,31.939138720101084
2024,20,2024-W20,3,25359,785545.9494621754,30.97700814157401
2024,20,2024-W20,4,13929,441343.9897364378,31.685260229480782
2024,20,2024-W20,5,7165,202296.08023786545,28.23392606250739
2024,20,2024-W20,6,4479,128461.30001544952,28.680799289004135
2024,20,2024-W20,7,3,220.90000343322754,73.63333447774251
2024,20,2024-W20,8,7,832.7900085449219,118.97000122070312
2024,20,2024-W20,9,1,105.44000244140625,105.44000244140625
2024,21,2024-W21,0,85152,2151878.789273085,25.271030501609886
2024,21,2024-W21,1,532373,14755872.09616065,27.71716840666347
2024,21,2024-W21,2,101906,3222316.568082452,31.620479344518007
2024,21,2024-W21,3,23152,711794.5297112465,30.74440781406559
2024,21,2024-W21,4,14526,469415.16975545883,32.31551492189583
2024,21,2024-W21,5,6076,167685.24015283585,27.597965792105967
2024,21,2024-W21,6,4169,113217.09995603561,27.15689612761708
2024,21,2024-W21,7,1,110.86000061035156,110.86000061035156
2024,21,2024-W21,8,3,294.20999908447266,98.06999969482422
2024,22,2024-W22,0,87206,2267265.459033143,25.998961757598593
2024,22,2024-W22,1,532741,14840035.925661325,27.85600493609714
2024,22,2024-W22,2,106879,3395968.8581516743,31.773958010008272
2024,22,2024-W22,3,24727,770437.4193208218,31.15773928583418
2024,22,2024-W22,4,15133,494416.12958955765,32.6713889902569
2024,22,2024-W22,5,6217,176532.5101838112,28.395127904746854
2024,22,2024-W22,6,4337,120335.38011217117,27.7462255273625
2024,22,2024-W22,8,4,431.2000045776367,107.80000114440918
2024,23,2024-W23,0,125791,3191098.6294463873,25.368258694551972
2024,23,2024-W23,1,596764,16700897.39144864,27.985765547936268
2024,23,2024-W23,2,108536,3410768.1177392006,31.425224052288648
2024,23,2024-W23,3,24533,748568.879427433,30.512733030099582
2024,23,2024-W23,4,14722,489040.50975084305,33.21834735435695
2024,23,2024-W23,5,6703,191756.1602885723,28.6075130969077
2024,23,2024-W23,6,4882,135808.99009728432,27.81831013873091
2024,23,2024-W23,7,2,180.5999984741211,90.29999923706055
2024,23,2024-W23,8,5,513.9300003051758,102.78600006103515
2024,24,2024-W24,0,90261,2251797.879444059,24.947628316150485
2024,24,2024-W24,1,573493,15591761.512568831,27.18736150671208
2024,24,2024-W24,2,104283,3178303.5279142857,30.47767639897477
2024,24,2024-W24,3,25577,762516.1096024513,29.812570262440918
2024,24,2024-W24,4,15071,482634.6598353386,32.024063422157695
2024,24,2024-W24,5,6339,178112.98010969162,28.097961840935735
2024,24,2024-W24,6,4550,121417.45006990433,26.685153861517435
2024,24,2024-W24,8,4,445.75,111.4375
2024,25,2024-W25,0,81301,1949967.749132568,23.98454814986984
2024,25,2024-W25,1,546453,14682163.945729136,26.86811847629922
2024,25,2024-W25,2,107571,3278839.6482913494,30.480702496875082
2024,25,2024-W25,3,27256,825173.1396918297,30.27491707117074
2024,25,2024-W25,4,17139,547614.7395980358,31.951382204214703
2024,25,2024-W25,5,5598,158865.49021148682,28.378972885224513
2024,25,2024-W25,6,4370,118148.16008400917,27.036192238903702
2024,25,2024-W25,7,1,94.5,94.5
2024,25,2024-W25,8,2,216.76000213623047,108.38000106811523
2024,26,2024-W26,0,113259,2892098.9393698405,25.53526818504349
2024,26,2024-W26,1,543519,15416136.015486702,28.36356413572792
2024,26,2024-W26,2,101139,3266826.2781196833,32.30036166186815
2024,26,2024-W26,3,25730,838077.3393678665,32.57199142510169
2024,26,2024-W26,4,16272,560118.589959383,34.422233896225606
2024,26,2024-W26,5,6019,176930.3601861,29.395308221648115
2024,26,2024-W26,6,4267,114750.57003641129,26.892563870731493
2024,26,2024-W26,8,2,208.45999908447266,104.22999954223633
2024,26,2024-W26,9,1,91.0,91.0
2024,27,2024-W27,0,42826,1066533.1096675675,24.903869370652583
2024,27,2024-W27,1,365826,9952340.963545084,27.205122007580336
2024,27,2024-W27,2,82788,2671543.9600548744,32.26970044034008
2024,27,2024-W27,3,23995,772358.9297397137,32.18832797414935
2024,27,2024-W27,4,18124,611522.2197365761,33.74101852441934
2024,27,2024-W27,5,4203,124955.91018772125,29.730171350873484
2024,27,2024-W27,6,2901,79091.66008400917,27.263584999658452
2024,27,2024-W27,8,1,90.75,90.75
2024,28,2024-W28,0,77846,1798494.0393276364,23.103229958220542
2024,28,2024-W28,1,513576,14133386.156524539,27.51956118768116
2024,28,2024-W28,2,94393,3012124.7287273407,31.910467182178134
2024,28,2024-W28,3,25309,820316.5597500801,32.41204945869375
2024,28,2024-W28,4,17153,600224.540017128,34.99239433435131
2024,28,2024-W28,5,5390,158333.95019316673,29.37550096348177
2024,28,2024-W28,6,3759,103699.67000436783,27.587036447025227
2024,28,2024-W28,8,2,233.4199981689453,116.70999908447266
2024,28,2024-W28,9,1,85.5,85.5
2024,29,2024-W29,0,103747,2510115.8092664126,24.194586920743856
2024,29,2024-W29,1,530907,14713687.475914598,27.714246517590833
2024,29,2024-W29,2,96018,3047130.05855155,31.734987799699535
2024,29,2024-W29,3,25627,831292.3596878052,32.438145693518756
2024,29,2024-W29,4,17587,617931.1100010872,35.13567464610719
2024,29,2024-W29,5,5300,156088.6001932621,29.450679281747565
2024,29,2024-W29,6,3592,101071.7800951004,28.13802341177628
2024,29,2024-W29,7,2,192.4800033569336,96.2400016784668
2024,29,2024-W29,8,2,107.5,53.75
2024,29,2024-W29,9,1,102.4000015258789,102.4000015258789
2024,30,2024-W30,0,66146,1585385.9995230827,23.967979915990124
2024,30,2024-W30,1,503985,13920979.674868941,27.62181349617338
2024,30,2024-W30,2,93026,2936612.738367796,31.567655691610902
2024,30,2024-W30,3,25537,827041.4296293259,32.386005780997216
2024,30,2024-W30,4,18646,654855.3098897934,35.12041777806465
2024,30,2024-W30,5,5268,156172.83028054237,29.645563834575242
2024,30,2024-W30,6,3489,94640.18004369736,27.12530239142945
2024,30,2024-W30,8,4,210.04000091552734,52.510000228881836
2024,31,2024-W31,0,75491,1882925.0894595124,24.942378422057097
2024,31,2024-W31,1,505758,13630990.286143422,26.95160587898446
2024,31,2024-W31,2,91840,2886685.7082469463,31.431682363316053
2024,31,2024-W31,3,25107,809606.2993073463,32.24623807333996
2024,31,2024-W31,4,18717,668071.9799364805,35.69332585010849
2024,31,2024-W31,5,5308,152534.3401737213,28.736688050814113
2024,31,2024-W31,6,3418,89893.54999017715,26.30004388243919
2024,31,2024-W31,7,2,196.18000030517578,98.09000015258789
2024,31,2024-W31,8,4,340.79000091552734,85.19750022888184
2024,32,2024-W32,0,80109,1980165.9893284906,24.7183960519853
2024,32,2024-W32,1,485738,13333650.417629838,27.450292992580028
2024,32,2024-W32,2,87192,2812909.4184855223,32.26109526660155
2024,32,2024-W32,3,24163,803312.2598280907,33.24555145586602
2024,32,2024-W32,4,17928,662917.0397518873,36.97663095447832
2024,32,2024-W32,5,5007,143624.76022672653,28.68479333467676
2024,32,2024-W32,6,3242,86305.71991729736,26.62113507627926
2024,32,2024-W32,7,1,6.5,6.5
2024,32,2024-W32,8,1,119.33000183105469,119.33000183105469
2024,32,2024-W32,9,2,120.79999923706055,60.39999961853027
2024,33,2024-W33,0,51275,1249102.3594206125,24.360845624975376
2024,33,2024-W33,1,459305,12422358.627997875,27.045990415949912
2024,33,2024-W33,2,87091,2741079.4484781027,31.473739519331534
2024,33,2024-W33,3,23469,763488.0696094036,32.53176827344171
2024,33,2024-W33,4,16697,596991.7000284195,35.754428941032494
2024,33,2024-W33,5,4736,139054.9502248764,29.361264827887755
2024,33,2024-W33,6,3171,83647.18999814987,26.378804792857103
2024,33,2024-W33,7,1,89.81999969482422,89.81999969482422
2024,33,2024-W33,8,3,200.19000005722046,66.73000001907349
2024,34,2024-W34,0,46120,1123705.469821358,24.364819380341675
2024,34,2024-W34,1,453434,12713159.078615308,28.03750728576884
2024,34,2024-W34,2,87692,2886913.9390859604,32.92106394067829
2024,34,2024-W34,3,23410,779011.0795887709,33.27685090084455
2024,34,2024-W34,4,16212,594149.4498002529,36.64874474464921
2024,34,2024-W34,5,4758,140575.72019720078,29.545128246574354
2024,34,2024-W34,6,3301,89580.36012125015,27.137340236670752
2024,34,2024-W34,8,1,97.05000305175781,97.05000305175781
2024,34,2024-W34,9,1,96.0,96.0
2024,35,2024-W35,0,63381,1515903.1901944336,23.91731260463599
2024,35,2024-W35,1,449406,12521751.72848332,27.862893972228495
2024,35,2024-W35,2,95808,3168344.758478999,33.069730695547335
2024,35,2024-W35,3,24965,821626.9895148277,32.91115519787013
2024,35,2024-W35,4,17548,629879.78000772,35.89467631682927
2024,35,2024-W35,5,4666,141103.40010643005,30.24076298894772
2024,35,2024-W35,6,3151,85335.6000328064,27.082069194797334
2024,35,2024-W35,7,4,266.5,66.625
2024,35,2024-W35,8,3,88.5,29.5
2024,35,2024-W35,9,1,91.0,91.0
2024,36,2024-W36,0,105315,2549428.229741592,24.207645916931035
2024,36,2024-W36,1,538801,15396774.984315533,28.575995561098686
2024,36,2024-W36,2,107860,3610407.3783732653,33.47308898918288
2024,36,2024-W36,3,23239,748547.7596080303,32.21084210198504
2024,36,2024-W36,4,14088,502929.679762125,35.69915387295038
2024,36,2024-W36,5,5279,158549.77031111717,30.034053857002686
2024,36,2024-W36,6,3588,100133.05000185966,27.90776198491072
2024,36,2024-W36,8,3,299.5,99.83333333333333
2024,37,2024-W37,0,135687,3247822.490295179,23.93613603584116
2024,37,2024-W37,1,581884,16390711.891910434,28.168349519681644
2024,37,2024-W37,2,105110,3370995.557008028,32.071121273028524
2024,37,2024-W37,3,21415,640995.4297933578,29.93207703914816
2024,37,2024-W37,4,12138,395084.9499709606,32.5494274156336
2024,37,2024-W37,5,5884,169233.09016418457,28.76157208772681
2024,37,2024-W37,6,3635,101221.120074749,27.84625036444264
2024,37,2024-W37,7,1,79.0,79.0
2024,37,2024-W37,9,3,324.0999984741211,108.03333282470703
2024,38,2024-W38,0,133318,3181527.400501052,23.864199886744863
2024,38,2024-W38,1,617056,17599677.788811684,28.52201062595888
2024,38,2024-W38,2,109584,3532511.8679306507,32.235653634934394
2024,38,2024-W38,3,21980,655566.4096698761,29.82558733711902
2024,38,2024-W38,4,12077,390900.30992269516,32.367335424583516
2024,38,2024-W38,5,5676,163451.0901272297,28.79687986737662
2024,38,2024-W38,6,3823,106649.96008014679,27.896929134226205
2024,38,2024-W38,7,1,84.37999725341797,84.37999725341797
2024,38,2024-W38,8,5,484.4300003051758,96.88600006103516
2024,39,2024-W39,0,118030,2854843.620674515,24.187440656396806
2024,39,2024-W39,1,602738,17371467.20018637,28.82092584205139
2024,39,2024-W39,2,107349,3466273.6477457285,32.289761877108575
2024,39,2024-W39,3,21804,643309.4195487499,29.504192787963213
2024,39,2024-W39,4,12126,391275.7095565796,32.26750037576939
2024,39,2024-W39,5,5492,162633.77016615868,29.61284962967201
2024,39,2024-W39,6,3735,105933.87006092072,28.36248194402161
2024,39,2024-W39,7,4,188.54999923706055,47.13749980926514
2024,39,2024-W39,8,4,204.52999877929688,51.13249969482422
2024,39,2024-W39,9,1,108.94000244140625,108.94000244140625
2024,40,2024-W40,0,77639,1880220.3293541986,24.217472267213626
2024,40,2024-W40,1,558533,15428731.6837461,27.62367072983351
2024,40,2024-W40,2,105944,3398654.118053198,32.0797224765272
2024,40,2024-W40,3,23049,691410.3493690491,29.997412007854965
2024,40,2024-W40,4,13516,446615.24949872494,33.04344846838746
2024,40,2024-W40,5,5015,146044.10024547577,29.121455682049007
2024,40,2024-W40,6,3436,95630.64996623993,27.831970304493577
2024,41,2024-W41,0,98731,2332401.8899447806,23.623804984703696
2024,41,2024-W41,1,605191,16976090.68068576,28.050798311088165
2024,41,2024-W41,2,111619,3583524.2070758343,32.10496606380486
2024,41,2024-W41,3,25743,789071.9393837452,30.65190301766481
2024,41,2024-W41,4,15988,522098.269575119,32.65563357362516
2024,41,2024-W41,5,5101,151818.87013220787,29.762570110215226
2024,41,2024-W41,6,3100,87531.73994207382,28.236045142604457
2024,41,2024-W41,7,2,162.99000549316406,81.49500274658203
2024,41,2024-W41,8,8,792.9000015258789,99.11250019073486
2024,41,2024-W41,9,3,309.0500030517578,103.01666768391927
2024,42,2024-W42,0,105600,2486118.340551112,23.542787315824924
2024,42,2024-W42,1,613437,17536782.420043945,28.58774808178174
2024,42,2024-W42,2,117197,3815251.64651227,32.554174991785366
2024,42,2024-W42,3,26409,832146.0891358852,31.50994316846095
2024,42,2024-W42,4,15938,547206.2994685173,34.3334357804315
2024,42,2024-W42,5,5470,164414.49015331268,30.057493629490434
2024,42,2024-W42,6,3743,106625.62016248703,28.486673834487586
2024,42,2024-W42,8,2,207.9000015258789,103.95000076293945
2024,43,2024-W43,0,98949,2478665.3506238125,25.049928252168414
2024,43,2024-W43,1,628566,17815450.329504848,28.343006668360758
2024,43,2024-W43,2,119216,3818131.717008829,32.02700742357426
2024,43,2024-W43,3,26490,832434.8894915581,31.424495639545416
2024,43,2024-W43,4,16364,566467.0595650673,34.61666215870614
2024,43,2024-W43,5,5279,161186.67043328285,30.533561362622248
2024,43,2024-W43,6,3597,104736.94014644623,29.11785936793056
2024,43,2024-W43,8,2,218.02999877929688,109.01499938964844
2024,43,2024-W43,9,2,204.2699966430664,102.1349983215332
2024,44,2024-W44,0,106785,2623404.640035117,24.567164302431213
2024,44,2024-W44,1,616730,17234918.52782488,27.945646438189936
2024,44,2024-W44,2,118936,3702069.1370266676,31.126565018385246
2024,44,2024-W44,3,27628,820819.1493391991,29.709683992297634
2024,44,2024-W44,4,18103,572145.6098161936,31.60501628548824
2024,44,2024-W44,5,5425,156253.51022028923,28.802490363186955
2024,44,2024-W44,6,3803,104481.47002530098,27.47343413760215
2024,44,2024-W44,8,4,114.58000349998474,28.645000874996185
2024,45,2024-W45,0,68890,1702219.2499066088,24.7092357367776
2024,45,2024-W45,1,594416,16238137.10761084,27.317799500031697
2024,45,2024-W45,2,113111,3509521.876017332,31.027237633981947
2024,45,2024-W45,3,24127,706432.8493676186,29.279763309471488
2024,45,2024-W45,4,14462,449409.81993186474,31.07521919042074
2024,45,2024-W45,5,4921,143637.5502896309,29.188691381757955
2024,45,2024-W45,6,3479,98302.15011072159,28.25586378577798
2024,45,2024-W45,8,4,297.4000015258789,74.35000038146973
2024,45,2024-W45,9,2,130.9799976348877,65.48999881744385
2024,46,2024-W46,0,118020,2868072.4300744776,24.30157964814843
2024,46,2024-W46,1,635332,17768786.037163854,27.967717724219547
2024,46,2024-W46,2,115520,3585552.947082162,31.038373849395445
2024,46,2024-W46,3,23388,682341.3196320534,29.174846914317314
2024,46,2024-W46,4,13751,422993.69955325127,30.76094098998264
2024,46,2024-W46,5,5293,156174.79011392593,29.505911602857726
2024,46,2024-W46,6,3640,103870.78997182846,28.535931310941884
2024,46,2024-W46,7,1,91.80000305175781,91.80000305175781
2024,46,2024-W46,8,1,97.19999694824219,97.19999694824219
2024,47,2024-W47,0,111023,2795010.530644113,25.17505859726465
2024,47,2024-W47,1,644398,17600382.32919705,27.312906509947346
2024,47,2024-W47,2,114875,3521073.90702641,30.651350659642308
2024,47,2024-W47,3,24117,702843.9391007423,29.143091557853065
2024,47,2024-W47,4,14852,459568.1695148945,30.94318405028915
2024,47,2024-W47,5,5149,150611.09021258354,29.250551604696746
2024,47,2024-W47,6,3737,100406.8000087738,26.86829007459829
2024,47,2024-W47,7,2,236.35000610351562,118.17500305175781
2024,47,2024-W47,8,5,536.0299987792969,107.20599975585938
2024,47,2024-W47,9,1,13.300000190734863,13.300000190734863
2024,48,2024-W48,0,61253,1562423.2004138418,25.507700854061707
2024,48,2024-W48,1,462897,12458805.825817585,26.91485541236514
2024,48,2024-W48,2,102283,3179851.1779379845,31.0887554915087
2024,48,2024-W48,3,31066,914567.1287755966,29.439487825133476
2024,48,2024-W48,4,23272,712093.1192388535,30.598707426901576
2024,48,2024-W48,5,4105,119601.94011092186,29.135673595839673
2024,48,2024-W48,6,2858,77184.690076828,27.006539565020294
2024,48,2024-W48,7,1,85.19999694824219,85.19999694824219
2024,48,2024-W48,8,3,279.7699966430664,93.2566655476888
2024,49,2024-W49,0,80125,2119965.5703740865,26.458228647414497
2024,49,2024-W49,1,670695,19177759.48692459,28.5938608263437
2024,49,2024-W49,2,127652,4171183.6466647387,32.67621068737457
2024,49,2024-W49,3,28613,896344.2690649033,31.326469404288375
2024,49,2024-W49,4,19058,623672.8496069908,32.72498948509764
2024,49,2024-W49,5,5712,172454.2701537609,30.191573906470747
2024,49,2024-W49,6,3744,108094.60014533997,28.871420978990376
2024,49,2024-W49,7,2,219.66000366210938,109.83000183105469
2024,49,2024-W49,8,6,576.9400024414062,96.1566670735677
2024,50,2024-W50,0,106674,3056049.5604081824,28.64849504479238
2024,50,2024-W50,1,703391,19928780.685628533,28.33243627744531
2024,50,2024-W50,2,131456,4212689.826584578,32.0463868258929
2024,50,2024-W50,3,30022,920904.5387622118,30.674323454873488
2024,50,2024-W50,4,20017,650228.0895938873,32.48379325542725
2024,50,2024-W50,5,6162,180285.75003290176,29.257667970285908
2024,50,2024-W50,6,3910,110880.16005420685,28.358097200564412
2024,50,2024-W50,7,4,293.26999855041504,73.31749963760376
2024,50,2024-W50,8,1,90.9000015258789,90.9000015258789
2024,50,2024-W50,9,2,135.1800022125244,67.5900011062622
2024,51,2024-W51,0,100991,2927967.139826035,28.992357139012736
2024,51,2024-W51,1,625510,16384682.558683515,26.194117693855436
2024,51,2024-W51,2,117659,3564503.2367727757,30.295202549509817
2024,51,2024-W51,3,30841,951183.6586090326,30.841531033657553
2024,51,2024-W51,4,23118,754173.9996504784,32.62280472577552
2024,51,2024-W51,5,5297,148091.5601463318,27.957628874142305
2024,51,2024-W51,6,3320,91759.51996564865,27.638409628207427
2024,51,2024-W51,8,1,99.0,99.0
2024,52,2024-W52,0,46138,1251807.999996094,27.131821925443106
2024,52,2024-W52,1,356885,9297957.939786792,26.053092564234394
2024,52,2024-W52,2,88094,2706561.0781208277,30.72355754218026
2024,52,2024-W52,3,31989,984578.4291810989,30.7786560749351
2024,52,2024-W52,4,29201,930940.8092110157,31.880442766035948
2024,52,2024-W52,5,3457,96773.51013588905,27.99349439857942
2024,52,2024-W52,6,2234,61849.94007778168,27.68573862031409
2025,2,2025-W02,1,1,47.619998931884766,47.619998931884766
2025,3,2025-W03,4,1,20.700000762939453,20.700000762939453
2025,6,2025-W06,1,1,43.25,43.25
2025,9,2025-W09,1,1,33.20000076293945,33.20000076293945
2025,12,2025-W12,1,1,19.68000030517578,19.68000030517578
2026,26,2026-W26,1,2,86.56999969482422,43.28499984741211
