tpep_pickup_datetime,pu_location_id,do_location_id,passenger_count,trip_distance,total_amount,tip_amount,tip_percentage
2024-06-28 19:50:47,164,164,1,0.4,0.24,24.44,10183.333783472588
2024-08-21 19:10:30,163,17,0,0.0,0.14,5.0,3571.4285562233053
2024-08-12 20:28:07,234,164,0,0.89,0.3,4.0,1333.333280351429
2024-07-28 09:31:36,211,107,0,2.02,0.42,3.4,809.5238575048743
2024-06-22 23:29:15,114,158,0,1.67,0.16,1.0,625.000013969839
2024-06-06 15:32:56,140,236,1,1.61,4.4,24.0,545.4545336321369
2024-09-22 17:20:57,241,32,0,2.8,0.98,5.16,526.5305864269766
2024-09-21 00:26:43,3,241,0,4.34,1.06,5.18,488.6792554682204
2024-07-17 21:27:55,87,148,0,1.56,0.87,4.0,459.7701124225807
2024-05-01 10:25:05,130,130,0,1.27,0.46,2.0,434.7826008084592
2024-09-07 20:27:20,112,255,0,0.93,0.5,2.02,403.99999618530273
2024-03-09 01:01:43,114,90,0,1.36,0.69,2.7,391.3043560888607
2024-08-13 12:36:44,107,237,0,2.88,1.62,5.27,325.3086398404067
2024-09-15 00:44:30,241,241,0,0.0,1.63,5.27,323.31288321124373
2024-09-10 20:05:03,113,231,0,1.04,1.1,3.52,319.9999913302337
2024-09-13 16:07:00,237,162,0,1.06,1.1,3.52,319.9999913302337
2024-11-12 21:21:20,4,148,0,1.11,1.1,3.52,319.9999913302337
2024-10-19 11:50:09,4,113,0,1.06,1.1,3.52,319.9999913302337
2024-12-04 00:54:31,230,239,0,1.66,1.1,3.52,319.9999913302337
2024-11-02 17:04:09,234,79,0,1.72,1.1,3.52,319.9999913302337
2024-04-20 23:48:56,100,233,0,0.67,0.95,2.73,287.3684266663655
2024-01-16 12:57:21,170,140,0,1.51,1.24,3.54,285.48386569573904
2024-01-13 20:33:09,236,113,0,4.12,2.31,6.22,269.2640668513327
2024-04-06 00:27:24,237,161,0,0.99,1.38,3.56,257.97101123772154
2024-09-21 18:08:53,148,79,0,0.8,0.78,2.0,256.41026581532896
2024-10-21 22:34:06,68,230,0,1.03,1.58,4.0,253.16455008566848
2024-03-13 21:28:23,249,13,0,2.24,1.48,3.58,241.89188361951616
2024-03-06 10:25:12,116,143,0,3.84,1.79,4.15,231.84358568763918
2024-05-18 23:49:14,256,188,0,3.89,2.44,5.41,221.72130002221985
2024-05-30 23:22:50,48,164,0,1.75,1.39,3.0,215.82734035067256
2024-11-30 11:19:24,163,170,0,1.78,0.89,1.9,213.48314681990465
2024-09-22 01:53:06,69,247,0,3.95,1.72,3.62,210.4651061246821
2024-03-08 22:52:45,231,114,0,0.85,1.86,3.64,195.69892886608702
2024-06-23 11:34:00,230,239,0,1.39,4.3,8.0,186.0465033754525
2024-09-22 17:29:08,211,255,0,3.52,3.78,7.0,185.18518658682294
2024-12-25 13:00:47,33,45,0,2.2,2.76,5.0,181.15942091582278
2024-07-07 00:11:10,125,79,0,1.33,2.06,3.68,178.64078490176112
2024-02-02 20:44:47,246,100,0,1.03,2.07,3.68,177.77778673607142
2024-05-17 18:36:00,142,43,0,1.76,1.6,2.82,176.24999320134532
2024-09-07 16:21:37,107,43,0,3.13,3.72,6.45,173.3870903134057
2024-04-12 20:28:05,161,68,0,1.34,1.75,2.84,162.28570938110352
2024-08-18 11:11:20,224,162,0,1.85,2.33,3.72,159.65665881624864
2024-07-12 11:33:00,68,143,0,1.94,2.97,4.66,156.90235025326555
2024-08-28 19:19:41,213,213,0,0.5,2.38,3.73,156.72268234111806
2024-08-31 23:40:00,169,69,0,2.05,2.38,3.73,156.72268234111806
2024-02-14 23:03:44,36,17,0,2.65,2.42,3.74,154.54545006726948
2024-12-01 10:38:00,163,234,0,1.91,1.86,2.85,153.22580014588397
2024-08-10 11:33:35,80,61,0,2.74,2.48,3.75,151.20967625641302
2024-12-24 18:18:41,107,164,0,0.0,2.54,3.76,148.03149791073983
2024-09-25 19:11:00,48,161,0,0.8,2.54,3.76,148.03149791073983
2024-12-20 19:51:33,261,158,0,0.01,2.54,3.76,148.03149791073983
2024-12-10 22:06:57,107,113,0,0.61,2.54,3.76,148.03149791073983
2024-12-06 23:51:40,79,211,0,1.23,2.54,3.76,148.03149791073983
2024-07-28 17:43:00,100,246,0,1.52,2.54,3.76,148.03149791073983
2024-05-26 17:17:17,246,68,0,0.42,2.54,3.76,148.03149791073983
2024-08-30 11:00:35,239,161,0,2.12,2.61,3.77,144.4444495193399
2024-05-22 10:20:53,192,92,0,0.0,2.63,3.77,143.3460006418264
2024-09-21 05:36:47,168,247,0,0.62,2.63,3.77,143.3460006418264
2024-10-06 19:49:11,153,127,0,1.88,2.63,3.77,143.3460006418264
2024-09-29 21:58:02,47,94,0,1.63,2.63,3.77,143.3460006418264
2024-08-16 01:47:42,116,168,0,2.76,2.69,3.78,140.5204420439899
2024-09-26 20:58:31,147,247,0,3.4,2.72,3.79,139.33823242603086
2024-07-12 20:56:50,186,170,0,1.24,2.2,2.9,131.8181832959829
2024-11-07 19:29:03,69,235,0,0.0,2.91,3.82,131.2714714973055
2024-09-28 21:42:40,61,37,0,2.99,2.92,3.82,130.8219121038904
2024-09-02 17:17:59,142,161,0,2.35,1.53,2.0,130.71895669274468
2024-04-08 00:42:17,79,13,0,2.77,2.93,3.82,130.37542137228036
2024-10-17 17:29:00,246,90,0,0.82,1.65,2.0,121.21212296358922
2024-04-06 22:53:36,234,100,0,1.24,3.27,3.88,118.65443844258274
2024-11-05 17:50:09,143,163,0,1.62,2.53,2.94,116.20553717261384
2024-11-03 05:23:50,68,138,0,10.92,8.5,9.75,114.70588235294117
2024-09-07 11:52:37,137,161,0,1.5,3.41,3.9,114.36950138426103
2024-09-29 19:27:54,71,76,0,2.63,3.45,3.91,113.33333425475777
2024-06-16 21:32:30,195,189,0,2.88,3.54,3.92,110.73446662530486
2024-11-01 00:31:07,49,72,0,3.06,3.69,3.95,107.04607009299359
2024-11-16 21:28:32,162,161,0,0.68,3.76,3.96,105.31915021784546
2024-04-28 00:27:09,137,163,0,1.88,3.78,3.96,104.76190656401043
2024-12-17 15:37:37,112,138,0,3.53,39.7,40.0,100.75566557001329
2024-08-10 10:45:43,161,75,0,2.6,3.99,4.0,100.25062632680088
2024-08-24 19:22:44,233,230,0,1.67,4.99,5.0,100.20040539760575
2024-03-04 13:03:37,264,264,1,0.0,0.01,0.01,100.0
2024-01-12 10:50:48,264,264,1,0.0,1.01,1.01,100.0
2024-03-11 07:23:51,264,264,1,0.0,0.01,0.01,100.0
2024-05-14 14:17:38,264,264,1,0.0,0.08,0.08,100.0
2024-05-17 12:39:33,264,264,1,3.01,4.62,4.62,100.0
2024-01-16 11:02:44,264,264,1,0.0,0.01,0.01,100.0
2024-03-11 07:46:55,264,264,1,0.0,0.01,0.01,100.0
2024-01-11 12:09:51,264,264,1,7.97,1.0,1.0,100.0
2024-03-12 21:40:11,264,264,1,0.0,0.01,0.01,100.0
2024-03-04 13:02:09,264,264,1,0.0,0.01,0.01,100.0
2024-01-23 13:54:44,264,264,1,0.0,0.01,0.01,100.0
2024-03-05 14:16:06,264,264,1,1.9,1.0,1.0,100.0
2024-05-16 11:34:28,264,264,1,0.75,4.62,4.62,100.0
2024-05-09 06:59:30,264,264,4,4.88,20.0,20.0,100.0
2024-01-25 12:44:21,264,264,1,0.0,1.01,1.01,100.0
2024-03-10 10:30:45,264,264,1,0.0,0.01,0.01,100.0
2024-07-29 11:08:25,260,226,1,0.0,3.7,3.7,100.0
2024-01-29 09:26:24,264,264,1,0.0,0.01,0.01,100.0
2024-04-29 12:09:29,264,264,1,0.0,0.01,0.01,100.0
2024-01-04 21:05:19,264,264,1,0.0,0.01,0.01,100.0
2024-08-20 13:16:07,264,264,0,0.0,14.0,14.0,100.0
2024-04-15 12:21:10,264,264,1,0.0,0.9,0.9,100.0
2024-04-03 10:53:16,264,264,1,0.0,0.01,0.01,100.0
2024-03-28 12:53:13,264,264,0,0.0,15.0,15.0,100.0
2024-03-05 10:57:02,264,264,1,0.0,0.01,0.01,100.0
2024-01-29 13:30:58,265,265,1,0.0,429.01,428.0,99.76457198139111
2024-04-03 16:55:01,132,265,1,33.5,201.0,200.0,99.50248756218906
2024-07-17 02:36:49,265,265,1,1.1,200.99,199.99,99.50246282269293
2024-10-11 10:24:34,231,265,3,40.0,200.0,199.0,99.5
2024-04-28 12:39:49,265,265,1,1.1,200.0,199.0,99.5
2024-06-09 10:56:21,79,265,1,40.2,197.0,196.0,99.49238578680203
2024-04-14 10:58:38,265,265,1,0.8,150.0,149.0,99.33333333333333
2024-11-14 19:20:52,68,68,1,0.1,151.01,150.0,99.3311737344708
2024-04-15 19:09:51,265,265,1,0.0,151.01,150.0,99.3311737344708
2024-01-02 21:03:28,68,265,1,3.1,145.0,144.0,99.3103448275862
2024-09-16 12:06:25,265,265,1,0.0,141.01,140.0,99.28374260961553
2024-09-15 14:47:49,107,265,0,23.2,120.0,119.0,99.16666666666667
2024-05-16 22:50:56,265,265,1,0.0,121.01,120.0,99.16535648425705
2024-05-08 17:33:16,170,170,3,0.1,111.0,110.0,99.09909909909909
2024-02-15 20:07:45,209,209,1,0.1,111.0,110.0,99.09909909909909
2024-11-24 11:47:45,132,132,1,0.0,498.5,494.0,99.09729187562688
2024-06-07 20:07:19,163,132,0,17.4,101.0,100.0,99.00990099009901
2024-11-29 20:35:35,1,1,0,0.0,101.01,100.0,99.00009690637538
2024-05-04 17:39:58,265,265,2,0.0,101.01,100.0,99.00009690637538
2024-06-12 20:56:15,265,265,0,0.0,100.0,99.0,99.0
2024-01-09 00:12:28,186,186,1,0.0,100.0,99.0,99.0
2024-04-28 16:31:06,48,1,1,16.5,100.0,99.0,99.0
2024-01-03 21:26:45,107,107,1,0.2,93.0,92.0,98.9247311827957
2024-02-27 21:13:17,265,265,1,0.0,91.01,90.0,98.89022952145565
2024-12-12 01:46:13,170,170,1,1.2,86.0,85.0,98.83720930232558
2024-01-15 21:19:10,141,141,2,0.0,86.0,85.0,98.83720930232558
2024-06-04 19:58:34,48,48,0,0.0,81.01,80.0,98.75323773657973
2024-10-30 00:52:47,265,265,1,0.0,81.01,80.0,98.75323773657973
2024-07-05 17:29:53,132,265,1,41.9,212.75,210.0,98.70740305522914
2024-03-25 07:46:47,265,265,1,3.2,76.0,75.0,98.68421052631578
2024-08-30 13:52:46,230,265,1,8.5,75.0,74.0,98.66666666666667
2024-05-18 09:09:45,116,116,1,0.0,71.01,70.0,98.5776621520264
2024-03-24 20:21:22,68,68,1,0.0,71.01,70.0,98.5776621520264
2024-07-16 10:02:27,265,265,1,2.8,70.0,69.0,98.57142857142858
2024-03-28 15:26:37,66,66,1,0.1,70.0,69.0,98.57142857142858
2024-06-07 12:12:20,265,265,2,0.0,314.5,310.0,98.5691573926868
2024-11-01 03:23:30,95,95,2,0.0,70.01,69.0,98.55734594284809
2024-05-17 02:51:11,265,265,0,0.0,70.01,69.0,98.55734594284809
2024-01-29 12:24:20,170,162,0,0.2,66.0,65.0,98.48484848484848
2024-07-14 03:05:48,246,246,1,0.0,66.01,65.0,98.46992561196099
2024-01-06 15:10:25,265,265,0,0.0,284.5,280.0,98.41827768014059
2024-06-15 09:52:54,265,265,2,0.3,63.0,62.0,98.4126984126984
2024-11-22 23:22:02,230,265,2,5.0,61.0,60.0,98.36065573770492
2024-03-11 00:33:32,261,261,1,0.0,61.0,60.0,98.36065573770492
2024-09-02 01:00:37,265,265,2,1.2,60.0,59.0,98.33333333333333
2024-06-27 22:21:41,143,143,1,0.2,60.0,59.0,98.33333333333333
2024-08-31 00:06:15,60,60,1,1.3,60.0,59.0,98.33333333333333
2024-09-28 00:06:27,265,265,0,0.3,60.0,59.0,98.33333333333333
2024-10-20 17:39:58,68,246,0,0.42,4.08,4.01,98.28432117320642
2024-05-21 09:39:29,265,265,1,35.2,286.2,281.0,98.18308456141166
2024-07-13 23:34:44,93,93,2,0.3,55.0,54.0,98.18181818181819
2024-09-03 23:59:49,265,265,1,0.0,55.0,54.0,98.18181818181819
2024-08-02 20:46:11,158,265,3,5.7,81.5,80.0,98.15950920245399
2024-03-09 12:47:10,265,265,1,0.0,241.16,236.66,98.13401893694405
2024-08-03 01:40:41,265,265,1,0.0,267.0,262.0,98.12734082397003
2024-06-04 19:33:23,10,215,1,1.4,51.0,50.0,98.0392156862745
2024-05-11 00:27:54,90,90,2,0.0,51.01,50.0,98.01999930451508
2024-11-05 20:04:18,90,90,1,0.0,51.01,50.0,98.01999930451508
2024-09-11 00:49:28,211,79,1,0.5,510.1,500.0,98.01999490635842
2024-10-17 19:05:01,223,255,1,8.3,50.0,49.0,98.0
2024-03-21 00:15:08,17,17,1,0.0,50.01,49.0,97.98040720769566
2024-07-31 11:44:46,246,265,2,3.6,49.0,48.0,97.95918367346938
2024-03-19 19:30:30,132,132,1,0.3,117.45,115.0,97.91400850412806
2024-09-14 23:24:57,195,195,1,0.0,47.01,46.0,97.85152444672485
2024-02-24 17:52:35,145,146,2,0.4,306.6,300.0,97.84735617347401
2024-03-03 22:38:02,79,43,1,3.8,1021.99,999.99,97.84733703752278
2024-10-12 12:34:29,244,244,2,0.0,45.0,44.0,97.77777777777777
2024-01-24 22:41:35,249,265,1,3.1,45.0,44.0,97.77777777777777
2024-04-18 17:44:55,143,143,1,0.0,45.01,44.0,97.75605785559425
2024-08-05 19:53:01,237,252,4,13.4,45.01,44.0,97.75605785559425
2024-01-05 18:41:45,263,263,1,0.0,44.01,43.0,97.70507075652618
2024-05-24 14:32:23,193,145,2,0.6,307.3,300.0,97.62447507876674
2024-07-14 04:36:45,179,223,4,0.14,70.0,68.3,97.5714329310826
2024-02-11 00:15:19,265,265,4,1.3,102.5,100.0,97.5609756097561
2024-03-16 08:48:01,265,265,5,0.0,184.5,180.0,97.5609756097561
2024-09-22 22:23:49,7,223,1,0.0,41.0,40.0,97.5609756097561
2024-01-01 02:30:38,261,261,1,4.0,40.99,39.99,97.56038068052744
2024-01-06 03:08:27,148,68,1,2.1,41.01,40.0,97.53719004420715
2024-01-25 15:38:59,132,132,1,0.1,40.0,39.0,97.5
2024-09-30 23:40:05,170,170,1,2.7,40.0,39.0,97.5
2024-07-29 23:54:03,168,168,1,1.0,40.0,39.0,97.5
2024-03-27 23:56:17,61,61,1,10.7,38.0,37.0,97.36842105263158
2024-03-27 13:31:42,1,264,1,0.0,169.5,165.0,97.34513274336283
2024-03-27 13:28:57,1,264,1,0.0,169.5,165.0,97.34513274336283
2024-04-02 22:43:48,148,231,1,1.1,37.01,36.0,97.27101224712685
2024-03-30 23:29:05,265,265,1,5.9,200.5,195.0,97.2568578553616
2024-02-04 08:18:58,226,226,0,0.0,36.01,35.0,97.19522807939359
2024-09-17 21:59:20,265,265,1,0.0,195.5,190.0,97.18670076726342
2024-12-10 16:47:19,265,265,1,0.0,158.5,154.0,97.16088328075709
2024-12-02 16:48:49,162,144,1,3.5,35.0,34.0,97.14285714285714
2024-07-09 20:17:26,170,170,1,0.0,35.0,34.0,97.14285714285714
2024-09-28 17:17:59,246,246,2,6.0,35.0,34.0,97.14285714285714
2024-09-22 02:47:35,87,87,5,0.2,35.0,34.0,97.14285714285714
2024-01-13 11:57:53,265,265,0,0.0,154.5,150.0,97.0873786407767
2024-04-27 15:47:23,264,264,1,0.0,154.5,150.0,97.0873786407767
2024-09-22 22:18:46,265,265,1,9.0,188.5,183.0,97.08222811671088
2024-04-23 11:03:01,164,164,0,0.1,34.01,33.0,97.0302899988862
2024-02-24 17:58:14,226,226,1,1.0,309.4,300.0,96.961863580505
2024-06-13 03:09:39,254,254,2,0.0,33.01,32.0,96.94032604395997
2024-09-29 16:23:00,132,132,1,16.0,89.75,87.0,96.93593314763231
2024-08-08 23:24:33,265,265,1,0.0,175.5,170.0,96.86609686609687
2024-06-13 03:06:55,254,254,2,0.0,32.01,31.0,96.84474109811566
2024-02-22 22:25:37,142,151,0,2.0,561.13,543.33,96.82783176125359
2024-01-14 10:07:58,265,265,1,0.0,124.0,120.0,96.7741935483871
2024-03-14 21:40:47,181,181,1,0.0,31.0,30.0,96.7741935483871
2024-11-29 22:34:14,233,233,1,0.0,31.01,30.0,96.74298541945461
2024-12-20 15:33:00,246,48,1,0.0,31.01,30.0,96.74298541945461
2024-04-17 12:04:22,265,265,1,36.7,137.45,132.95,96.72608213902362
2024-09-23 14:51:40,1,1,1,0.0,122.0,118.0,96.72131147540983
2024-01-10 20:33:39,132,132,3,1.1,113.75,110.0,96.7032967032967
2024-05-24 16:05:01,132,132,1,2.6,82.75,80.0,96.67673716012085
2024-03-15 20:21:28,161,161,1,0.0,30.0,29.0,96.66666666666667
2024-08-30 12:59:05,229,144,1,2.9,30.0,29.0,96.66666666666667
2024-01-01 17:48:47,1,264,1,0.0,134.5,130.0,96.6542750929368
2024-08-22 06:23:42,265,265,1,0.0,134.5,130.0,96.6542750929368
2024-12-12 16:27:43,100,100,1,0.0,30.01,29.0,96.63445444458942
2024-06-01 00:23:14,265,265,0,0.5,161.5,156.0,96.59442724458205
2024-09-20 00:28:46,265,265,1,10.3,181.2,175.0,96.57836807248228
2024-10-20 17:25:52,265,265,1,0.0,171.4,165.5,96.55776306500475
2024-10-30 20:36:28,163,163,3,0.1,86.0,83.0,96.51162790697676
2024-11-22 17:24:32,129,129,1,0.0,200.0,193.0,96.5
2024-02-11 18:21:12,265,265,1,0.0,124.5,120.0,96.3855421686747
2024-02-16 11:10:52,140,140,1,1.3,27.0,26.0,96.29629629629629
2024-12-28 10:06:48,109,109,1,0.0,121.16,116.66,96.28590305052352
2024-05-22 11:13:42,55,55,1,0.0,120.5,116.0,96.2655601659751
2024-09-10 12:05:00,1,1,1,0.0,120.0,115.5,96.25
2024-05-01 12:01:38,45,88,0,1.5,447.7,430.9,96.24748316898012
2024-11-14 13:23:18,265,265,0,17.5,119.75,115.25,96.24217118997912
2024-12-30 07:23:13,1,1,1,0.0,119.5,115.0,96.23430962343096
2024-05-14 08:56:21,265,265,5,0.0,119.5,115.0,96.23430962343096
2024-01-07 21:07:09,264,264,1,0.0,145.5,140.0,96.21993127147766
2024-03-02 03:46:54,265,265,1,0.2,145.5,140.0,96.21993127147766
2024-11-30 11:35:21,50,50,1,0.0,26.56,25.55,96.19728821840923
2024-09-22 00:48:46,148,79,2,0.74,426.4,410.0,96.1538475301982
2024-02-12 20:41:42,249,249,0,1.3,26.0,25.0,96.15384615384616
2024-05-29 02:13:44,10,10,1,15.4,26.0,25.0,96.15384615384616
2024-04-02 20:25:00,158,246,1,1.5,26.0,25.0,96.15384615384616
2024-03-19 17:57:43,79,79,1,0.0,26.0,25.0,96.15384615384616
2024-11-12 11:27:31,1,1,1,0.0,103.99,99.99,96.15347621677986
2024-08-24 18:47:16,265,265,4,0.0,103.99,99.99,96.15347621677986
2024-04-06 15:38:05,132,132,2,0.0,94.65,91.0,96.14368571892633
2024-07-27 01:17:47,244,244,1,0.0,26.01,25.0,96.1168772779928
2024-03-06 22:59:50,68,100,1,0.0,26.01,25.0,96.1168772779928
2024-04-09 13:18:41,265,265,1,0.0,26.01,25.0,96.1168772779928
2024-04-06 23:53:27,140,140,1,0.0,26.01,25.0,96.1168772779928
2024-05-12 20:15:41,1,1,1,0.0,103.0,99.0,96.11650485436894
2024-11-21 09:29:51,68,211,1,2.27,496.65,477.05,96.05355756682023
2024-03-24 14:22:02,43,237,1,0.53,265.5,255.0,96.045197740113
2024-01-28 16:55:37,1,1,1,0.0,112.5,108.0,96.0
2024-05-18 23:14:45,249,249,1,4.2,25.0,24.0,96.0
2024-07-15 11:54:29,246,246,0,0.6,25.0,24.0,96.0
2024-02-04 16:31:05,265,265,1,0.0,100.0,96.0,96.0
2024-08-07 16:13:16,247,247,2,0.0,25.0,24.0,96.0
2024-05-28 23:50:23,233,233,1,1.2,25.0,24.0,96.0
2024-08-06 14:39:54,186,68,2,0.87,312.6,300.0,95.96928795345474
2024-06-10 23:01:20,164,164,4,0.0,25.01,24.0,95.96161447565493
2024-03-01 02:57:15,25,25,1,0.0,25.01,24.0,95.96161447565493
2024-03-04 17:52:38,68,68,1,0.0,25.01,24.0,95.96161447565493
2024-09-03 11:44:10,162,162,5,0.0,25.01,24.0,95.96161447565493
2024-04-02 20:04:05,137,137,1,0.0,25.01,24.0,95.96161447565493
2024-05-30 21:10:23,265,265,1,2.5,135.5,130.0,95.9409594095941
2024-11-15 22:50:39,265,265,1,0.0,135.5,130.0,95.9409594095941
2024-08-14 13:06:47,166,238,1,1.79,396.4,380.3,95.93844441185335
2024-03-09 10:17:00,161,234,0,2.08,4.17,4.0,95.92325963588395
2024-05-22 20:43:13,1,1,1,0.0,120.0,115.0,95.83333333333334
2024-02-23 14:27:19,132,132,1,0.0,101.23,97.0,95.8213936415484
2024-10-17 17:36:27,1,1,1,0.0,167.0,160.0,95.80838323353294
2024-11-03 00:14:41,114,249,1,0.3,24.01,23.0,95.79341849540302
2024-09-27 19:51:44,68,68,1,0.0,24.01,23.0,95.79341849540302
2024-10-09 03:13:21,265,264,1,0.07,130.5,125.0,95.78544061302682
2024-07-10 06:53:32,138,138,0,0.0,88.75,85.0,95.77464788732394
2024-10-16 01:46:35,129,129,1,0.0,130.0,124.5,95.76923076923077
2024-05-13 14:30:31,1,1,1,0.0,94.0,90.0,95.74468085106383
2024-06-11 14:53:47,43,161,2,2.5,569.26,544.76,95.6961670274209
2024-07-13 05:19:38,142,142,4,0.05,83.6,80.0,95.69378165092253
2024-12-19 10:22:34,265,265,1,0.0,104.5,100.0,95.69377990430623
2024-01-01 17:12:29,264,264,1,0.0,104.5,100.0,95.69377990430623
2024-07-04 07:27:12,265,265,1,0.0,104.49,99.99,95.69336769834473
2024-04-14 14:36:24,217,217,1,0.0,104.49,99.99,95.69336769834473
2024-07-04 07:30:13,265,265,1,0.0,104.49,99.99,95.69336769834473
2024-06-02 12:18:14,151,151,1,0.0,104.49,99.99,95.69336769834473
2024-12-01 02:57:49,79,234,1,1.4,313.6,300.0,95.6632634442531
2024-11-05 12:44:37,265,265,2,0.0,103.5,99.0,95.65217391304348
2024-10-20 19:48:03,89,89,1,0.0,103.5,99.0,95.65217391304348
2024-06-29 07:19:46,74,74,1,0.0,103.5,99.0,95.65217391304348
2024-09-08 17:53:11,181,181,1,0.0,103.4,98.9,95.64796911644751
2024-02-15 08:53:09,3,3,1,0.0,102.5,98.0,95.60975609756098
2024-02-19 14:01:58,48,48,4,0.0,100.0,95.57,95.56999969482422
2024-05-10 14:26:35,265,265,2,0.0,101.5,97.0,95.56650246305419
2024-04-28 16:41:55,219,219,1,0.0,100.0,95.5,95.5
2024-10-18 14:00:25,265,265,1,0.0,100.0,95.5,95.5
2024-04-10 12:42:29,265,265,0,0.7,100.0,95.5,95.5
2024-05-05 16:54:13,132,132,3,0.0,99.5,95.0,95.47738693467338
2024-06-09 18:21:26,132,132,1,0.0,99.5,95.0,95.47738693467338
2024-11-24 14:27:30,226,226,1,0.0,99.5,95.0,95.47738693467338
2024-05-11 18:16:03,41,41,1,0.0,99.5,95.0,95.47738693467338
2024-07-13 18:59:45,42,42,1,0.0,99.5,95.0,95.47738693467338
2024-10-20 08:49:31,89,89,1,0.02,99.5,95.0,95.47738693467338
2024-03-24 19:46:02,37,225,1,0.01,99.5,95.0,95.47738693467338
2024-03-03 19:09:07,237,234,2,2.1,22.0,21.0,95.45454545454545
2024-05-07 06:51:33,265,265,1,0.0,98.95,94.45,95.45224847015021
2024-03-05 18:59:42,141,237,5,0.76,314.4,300.0,95.41984918065057
2024-06-28 00:54:13,144,52,1,6.4,783.47,747.47,95.40505681823494
2024-06-21 16:11:38,265,265,1,0.0,150.0,143.0,95.33333333333334
2024-04-05 05:43:25,1,1,1,0.0,116.5,111.0,95.27896995708154
2024-08-09 23:50:12,257,257,1,0.0,116.5,111.0,95.27896995708154
2024-11-21 15:15:39,265,265,2,0.0,95.0,90.5,95.26315789473684
2024-07-09 12:19:56,265,265,1,0.0,94.5,90.0,95.23809523809523
2024-07-04 07:31:12,265,265,1,0.0,94.5,90.0,95.23809523809523
2024-08-03 11:46:43,146,146,1,0.0,94.5,90.0,95.23809523809523
2024-07-17 23:24:12,265,265,4,0.0,115.5,110.0,95.23809523809523
2024-01-14 11:06:25,228,264,1,0.0,94.5,90.0,95.23809523809523
2024-01-31 20:28:11,265,265,0,0.0,115.5,110.0,95.23809523809523
2024-10-30 21:16:23,68,68,1,0.0,21.0,20.0,95.23809523809523
2024-08-02 21:10:42,159,159,1,0.9,21.0,20.0,95.23809523809523
2024-10-10 14:44:23,1,1,1,0.01,26.25,25.0,95.23809523809523
2024-02-17 18:41:14,140,265,1,13.56,73.5,70.0,95.23809523809523
2024-10-12 20:06:49,107,107,1,0.0,21.01,20.0,95.19276431280844
2024-04-21 14:48:08,146,141,1,1.9,21.01,20.0,95.19276431280844
2024-02-03 23:29:01,142,142,2,0.5,210.1,200.0,95.19276258443354
2024-10-30 00:13:47,265,265,1,0.0,104.0,99.0,95.1923076923077
2024-10-30 00:16:45,265,265,1,0.01,104.0,99.0,95.1923076923077
2024-08-07 07:40:00,261,246,0,3.27,5.31,5.05,95.10358277125367
2024-08-08 01:07:30,130,130,1,0.0,25.24,24.0,95.08716409523473
2024-07-16 21:24:43,132,132,1,0.1,175.25,166.6,95.06419749130706
2024-05-15 23:25:50,265,265,1,0.0,125.2,119.0,95.04792563948283
2024-04-21 02:01:25,148,224,1,1.65,315.7,300.0,95.02692062085337
2024-06-06 13:09:19,263,140,1,1.49,350.83,333.33,95.01182890009453
2024-05-20 14:32:32,95,95,1,0.0,20.0,19.0,95.0
2024-09-18 22:43:04,265,265,1,0.0,100.0,95.0,95.0
2024-05-16 15:41:53,265,265,1,0.0,60.0,57.0,95.0
2024-10-12 12:26:58,97,97,5,0.0,90.0,85.5,95.0
2024-09-26 23:03:10,1,1,1,0.0,100.0,95.0,95.0
2024-10-30 20:40:04,265,265,1,0.0,100.0,95.0,95.0
2024-10-02 13:49:51,1,1,1,0.9,90.0,85.5,95.0
2024-10-15 15:13:31,202,202,3,0.0,90.0,85.5,95.0
2024-01-27 21:40:53,141,141,2,0.1,20.0,19.0,95.0
2024-01-20 02:45:51,265,265,1,0.0,100.0,95.0,95.0
2024-08-04 02:01:08,265,265,1,0.0,100.0,95.0,95.0
2024-01-12 10:07:39,249,264,1,0.0,89.5,85.0,94.97206703910615
2024-06-01 11:59:49,20,20,1,0.0,89.5,85.0,94.97206703910615
2024-05-17 08:54:47,17,17,1,0.0,89.5,85.0,94.97206703910615
2024-06-29 15:47:39,100,100,5,0.0,89.5,85.0,94.97206703910615
2024-03-22 00:54:09,159,159,0,0.0,20.01,19.0,94.9525226520286
2024-07-26 02:14:08,233,229,1,0.8,20.01,19.0,94.9525226520286
2024-11-13 11:14:54,148,148,2,0.0,88.5,84.0,94.91525423728814
2024-11-04 11:41:07,113,249,1,0.61,233.9,222.0,94.91235818426277
2024-02-27 16:31:22,265,265,5,0.0,137.0,130.0,94.8905109489051
2024-11-05 23:45:47,68,68,1,0.0,19.4,18.4,94.8453607233846
2024-05-15 13:12:25,162,68,1,3.0,461.64,437.84,94.84446374765156
2024-03-19 19:50:49,162,144,1,3.1,440.59,417.79,94.82512358826156
2024-12-22 04:54:45,37,37,2,0.0,105.49,99.99,94.78623555656648
2024-11-10 03:19:09,17,17,2,0.0,105.49,99.99,94.78623555656648
2024-04-20 10:40:58,142,237,1,1.0,254.47,241.17,94.77344952726956
2024-07-21 23:06:53,235,235,1,0.0,104.5,99.0,94.73684210526315
2024-07-28 20:47:22,235,235,1,0.0,104.5,99.0,94.73684210526315
2024-07-28 20:45:18,235,235,1,0.0,104.5,99.0,94.73684210526315
2024-01-18 10:29:34,238,238,1,4.4,19.0,18.0,94.73684210526315
2024-12-10 08:47:04,151,151,1,0.0,85.5,81.0,94.73684210526315
2024-04-22 07:18:03,152,41,1,1.67,244.9,232.0,94.73254625643763
2024-11-23 13:53:47,1,1,1,0.0,111.9,106.0,94.72743391829675
2024-04-17 16:01:46,161,161,1,0.11,179.5,170.0,94.70752089136491
2024-02-26 17:21:31,262,262,1,0.0,19.01,18.0,94.68700569846735
2024-07-28 20:46:30,235,235,3,0.0,103.5,98.0,94.68599033816425
2024-10-30 12:19:30,144,144,1,0.0,84.5,80.0,94.67455621301775
2024-02-23 12:10:19,265,265,1,0.0,84.5,80.0,94.67455621301775
2024-11-28 17:20:06,145,82,3,4.4,605.0,572.5,94.62809917355372
2024-08-28 10:00:46,162,163,1,1.28,348.9,330.0,94.58297671908477
2024-10-03 07:04:57,138,132,1,11.6,50.76,48.0,94.56265088101398
2024-12-12 00:46:37,170,137,1,0.54,211.5,200.0,94.56264775413712
2024-02-08 22:14:28,164,164,1,0.1,211.5,200.0,94.56264775413712
2024-10-12 19:18:36,255,255,3,0.0,82.5,78.0,94.54545454545455
2024-07-17 11:08:45,86,86,1,0.0,82.3,77.8,94.53219947371085
2024-08-14 00:41:22,265,265,1,0.0,100.5,95.0,94.5273631840796
2024-05-03 21:35:28,265,265,1,0.0,100.5,95.0,94.5273631840796
2024-07-14 00:23:15,202,202,1,0.0,100.5,95.0,94.5273631840796
2024-01-18 22:21:50,265,265,1,0.0,100.5,95.0,94.5273631840796
2024-03-11 20:25:06,1,1,0,17.4,100.0,94.5,94.5
2024-10-27 00:30:07,265,265,2,1.7,100.0,94.5,94.5
2024-10-10 00:23:03,129,129,1,0.0,100.0,94.5,94.5
2024-04-07 19:39:50,181,181,3,0.0,81.5,77.0,94.47852760736197
2024-09-11 22:53:38,265,265,1,2.5,99.5,94.0,94.47236180904522
2024-11-24 06:47:36,1,1,3,0.0,84.7,80.0,94.45100694500115
2024-10-15 23:14:56,142,142,1,0.0,144.0,136.0,94.44444444444444
2024-07-07 19:26:04,43,43,1,0.0,126.0,119.0,94.44444444444444
2024-06-26 12:04:55,197,134,1,0.3,105.9,100.0,94.42870496613061
2024-09-08 10:10:10,265,265,0,0.0,80.5,76.0,94.40993788819875
2024-10-27 12:08:56,227,227,1,0.0,80.0,75.5,94.375
2024-10-19 20:02:44,264,264,1,0.0,97.5,92.0,94.35897435897435
2024-05-13 09:05:50,142,142,1,0.0,74.2,70.0,94.33962652158615
2024-02-02 07:42:27,256,256,1,0.0,79.5,75.0,94.33962264150944
2024-11-12 11:05:41,265,265,2,0.0,79.5,75.0,94.33962264150944
2024-05-31 21:07:47,70,70,1,0.0,21.2,20.0,94.33961924644258
2024-07-26 18:47:49,10,138,1,8.3,106.01,100.0,94.33072161577057
2024-07-17 23:28:49,149,89,0,3.44,3.86,3.64,94.30052341526842
2024-10-27 22:08:09,68,68,1,0.0,201.5,190.0,94.29280397022333
2024-10-28 10:19:51,137,107,2,1.48,318.2,300.0,94.28032322161266
2024-03-23 03:30:29,234,90,1,0.74,200.68,189.18,94.26948354608552
2024-07-15 12:52:58,189,189,1,0.0,78.5,74.0,94.26751592356688
2024-04-01 18:07:10,138,265,2,31.4,286.43,270.0,94.26387141852884
2024-06-21 23:22:42,161,237,4,0.6,212.4,200.2,94.25612179904864
2024-03-09 04:37:51,265,265,1,0.0,95.5,90.0,94.24083769633508
2024-06-06 21:50:49,255,255,1,0.0,95.5,90.0,94.24083769633508
2024-10-22 20:44:05,146,146,1,0.0,95.5,90.0,94.24083769633508
2024-05-02 23:16:01,265,265,1,0.0,95.5,90.0,94.24083769633508
2024-11-08 03:35:20,129,129,1,0.0,95.5,90.0,94.24083769633508
2024-03-02 16:41:37,145,260,1,2.2,260.0,245.0,94.23076923076923
2024-12-14 09:34:54,82,226,3,3.6,500.0,471.0,94.19999999999999
2024-08-09 12:20:58,230,264,1,0.0,77.5,73.0,94.19354838709677
2024-01-15 14:46:35,43,237,1,0.84,214.6,202.0,94.12860869284513
2024-05-19 12:45:22,132,132,1,14.9,106.25,100.0,94.11764705882352
2024-01-04 14:54:45,132,132,2,0.0,106.24,99.99,94.11709325520289
2024-10-20 11:09:54,132,132,1,0.0,106.24,99.99,94.11709325520289
2024-08-17 00:11:07,132,216,1,1.05,20.19,19.0,94.10599057662104
2024-09-29 11:49:37,229,140,1,1.49,212.6,200.0,94.07337453349807
2024-06-13 12:52:51,155,155,4,0.0,75.5,71.0,94.03973509933775
2024-07-12 17:20:09,265,265,1,0.0,128.7,121.0,94.01709624644451
2024-01-13 11:27:13,132,132,1,0.0,104.25,98.0,94.00479616306954
2024-10-28 11:36:53,246,246,1,0.0,74.5,70.0,93.95973154362416
2024-06-03 15:37:42,61,61,1,0.0,74.5,70.0,93.95973154362416
2024-04-30 08:52:08,265,265,0,0.0,74.5,70.0,93.95973154362416
2024-01-22 12:55:45,230,230,1,0.0,74.5,70.0,93.95973154362416
2024-07-13 09:43:50,258,258,1,0.0,74.5,70.0,93.95973154362416
2024-06-11 15:22:42,181,181,1,0.0,74.5,70.0,93.95973154362416
2024-12-30 15:16:40,226,226,1,0.0,74.5,70.0,93.95973154362416
2024-10-28 21:35:56,75,75,1,0.0,90.5,85.0,93.92265193370166
2024-03-04 23:21:04,265,265,0,1.1,90.5,85.0,93.92265193370166
2024-06-21 03:18:46,212,212,1,0.0,90.5,85.0,93.92265193370166
2024-09-16 21:19:22,142,142,1,0.24,154.4,145.0,93.91192081083469
2024-09-01 18:06:21,181,181,3,0.0,73.86,69.36,93.9073924142788
2024-09-11 13:26:16,64,64,1,0.0,73.5,69.0,93.87755102040816
2024-08-08 18:26:50,265,265,1,0.0,114.07,107.07,93.8634171835475
2024-03-09 02:17:37,9,9,1,0.0,89.5,84.0,93.85474860335195
2024-02-22 18:40:21,1,1,1,0.0,105.5,99.0,93.8388625592417
2024-01-25 12:18:33,68,68,1,0.0,16.1,15.1,93.78882002294267
2024-11-29 22:09:25,158,246,1,1.2,229.96,215.66,93.7815260765969
2024-11-09 14:33:10,132,132,1,0.0,100.25,94.0,93.76558603491272
2024-12-28 19:43:16,239,239,2,3.4,16.0,15.0,93.75
2024-08-21 14:42:05,265,265,1,0.0,64.0,60.0,93.75
2024-12-07 22:21:13,265,265,1,0.0,80.0,75.0,93.75
2024-01-06 20:51:52,162,162,1,3.0,16.0,15.0,93.75
2024-10-26 02:37:04,265,265,1,0.0,80.0,75.0,93.75
2024-12-22 01:26:58,158,158,1,0.6,128.0,120.0,93.75
2024-03-14 21:14:11,107,107,1,0.0,16.0,15.0,93.75
2024-03-20 19:25:13,263,238,1,2.09,320.0,300.0,93.75
2024-09-18 16:14:14,90,90,1,0.2,16.0,15.0,93.75
2024-03-16 03:44:37,265,265,1,0.0,80.0,75.0,93.75
2024-11-17 14:39:51,239,237,1,2.14,323.3,303.0,93.72100570385167
2024-12-12 21:57:19,265,265,1,0.0,87.5,82.0,93.71428571428572
2024-08-29 22:23:24,244,244,2,9.4,87.5,82.0,93.71428571428572
2024-04-27 20:33:36,41,41,1,0.0,87.5,82.0,93.71428571428572
2024-01-05 13:28:44,68,68,1,0.0,16.01,15.0,93.69144150879019
2024-09-06 00:47:19,79,79,1,0.0,16.01,15.0,93.69144150879019
2024-12-03 20:25:53,68,68,1,0.0,16.01,15.0,93.69144150879019
2024-08-02 22:18:38,226,226,1,0.0,87.0,81.5,93.67816091954023
2024-08-24 13:44:43,89,89,1,0.0,71.15,66.65,93.67533393746555
2024-09-12 08:22:05,16,16,1,0.0,70.65,66.15,93.63057338597274
2024-06-15 13:30:59,119,119,1,0.0,70.5,66.0,93.61702127659575
2024-03-06 16:33:38,246,263,2,4.7,639.58,598.58,93.58954330897417
2024-04-27 19:12:12,1,1,1,0.0,70.0,65.5,93.57142857142857
2024-08-08 21:31:46,265,265,1,0.0,85.5,80.0,93.56725146198829
2024-04-27 04:43:17,172,172,1,0.0,85.5,80.0,93.56725146198829
2024-10-20 00:40:12,197,197,1,0.0,85.5,80.0,93.56725146198829
2024-02-27 15:47:40,90,4,1,1.52,239.25,223.85,93.56322094190831
2024-12-05 21:49:49,14,14,1,0.0,85.25,79.75,93.54838709677419
2024-09-04 17:48:44,1,1,1,0.0,100.5,94.0,93.53233830845771
2024-12-12 10:12:56,244,244,1,0.0,69.5,65.0,93.5251798561151
2024-05-28 12:37:29,162,264,1,0.0,69.5,65.0,93.5251798561151
2024-08-14 14:00:21,200,200,1,0.0,69.5,65.0,93.5251798561151
2024-10-22 15:47:39,132,132,1,0.0,96.25,90.0,93.5064935064935
2024-06-08 07:38:40,132,132,1,0.0,96.25,90.0,93.5064935064935
2024-10-06 08:27:10,132,132,1,0.0,96.25,90.0,93.5064935064935
2024-10-05 07:15:10,132,132,1,0.0,96.25,90.0,93.5064935064935
2024-04-25 23:58:49,254,254,1,0.0,84.5,79.0,93.49112426035504
2024-09-07 13:56:07,233,233,1,0.0,107.0,100.0,93.45794392523365
2024-02-24 17:51:59,161,161,3,0.0,107.0,100.0,93.45794392523365
2024-05-11 16:53:22,1,1,0,11.4,107.0,100.0,93.45794392523365
2024-04-15 16:52:43,16,16,1,0.0,106.99,99.99,93.4573323303426
2024-03-27 19:32:45,40,40,1,0.0,106.99,99.99,93.4573323303426
2024-07-22 20:35:02,14,14,1,0.0,84.0,78.5,93.45238095238095
2024-06-26 22:21:52,134,197,1,0.1,104.9,98.0,93.4223056000846
2024-01-20 22:23:47,22,22,1,0.0,83.6,78.1,93.42105251149908
2024-06-15 16:47:41,163,163,1,0.0,106.0,99.0,93.39622641509435
2024-11-19 13:48:05,232,232,1,0.0,106.0,99.0,93.39622641509435
2024-04-14 06:21:19,234,234,1,0.0,106.0,99.0,93.39622641509435
2024-09-04 17:04:23,265,265,1,0.0,106.0,99.0,93.39622641509435
2024-11-02 14:45:41,163,163,1,0.0,106.0,99.0,93.39622641509435
2024-04-03 11:04:50,132,132,4,0.0,94.25,88.0,93.36870026525199
2024-02-11 01:06:17,144,148,1,0.48,215.1,200.8,93.35192810507127
2024-08-16 03:53:44,246,42,1,7.1,561.35,523.95,93.33749621350421
2024-12-08 00:41:33,183,183,1,0.0,82.5,77.0,93.33333333333333
2024-07-11 17:02:13,186,186,1,2.0,15.0,14.0,93.33333333333333
2024-10-02 13:54:47,265,265,1,0.08,60.0,56.0,93.33333333333333
2024-03-03 11:46:47,93,93,1,0.0,67.5,63.0,93.33333333333333
2024-03-09 18:43:47,79,79,1,0.0,15.0,14.0,93.33333333333333
2024-09-10 02:04:59,265,265,2,0.0,75.0,70.0,93.33333333333333
2024-12-18 15:41:14,265,265,1,0.0,60.0,56.0,93.33333333333333
2024-04-07 01:40:42,265,265,1,0.0,75.0,70.0,93.33333333333333
2024-06-09 13:47:50,265,265,1,0.0,60.0,56.0,93.33333333333333
2024-01-30 15:37:29,140,263,1,0.8,187.77,175.17,93.2896597876024
2024-04-27 03:29:10,164,164,1,0.6,160.8,150.0,93.2835803191611
2024-04-07 03:58:03,89,89,1,0.0,15.01,14.0,93.27115114270005
2024-05-25 10:36:34,237,237,1,0.0,104.0,97.0,93.26923076923077
2024-12-16 19:41:14,265,265,1,0.0,104.0,97.0,93.26923076923077
2024-11-14 07:48:14,265,265,1,0.0,69.7,65.0,93.25681900426436
2024-12-29 14:51:37,49,49,1,0.0,66.5,62.0,93.23308270676691
2024-12-08 23:24:32,163,163,1,2.1,118.1,110.1,93.22607950604419
2024-09-10 15:52:01,114,230,1,2.6,412.4,384.4,93.21047516624643
2024-04-12 21:13:08,265,265,0,2.3,81.0,75.5,93.20987654320987
2024-10-15 18:53:23,132,132,1,0.0,128.75,120.0,93.20388349514563
2024-01-11 15:08:09,138,226,1,4.21,453.55,422.7,93.19810904723923
2024-08-16 10:04:51,265,265,1,0.0,66.11,61.61,93.19316297314421
2024-04-02 14:06:46,142,141,1,1.53,236.1,220.0,93.18085316081832
2024-03-14 06:29:58,265,265,1,0.0,65.95,61.45,93.17665444498148
2024-05-18 21:28:25,62,62,1,0.0,80.5,75.0,93.16770186335404
2024-04-24 19:58:15,265,265,1,0.0,80.5,75.0,93.16770186335404
2024-05-11 00:01:52,264,264,1,0.0,80.5,75.0,93.16770186335404
2024-07-03 23:16:54,218,218,1,0.0,80.5,75.0,93.16770186335404
2024-10-30 00:47:23,265,265,1,0.06,80.5,75.0,93.16770186335404
2024-07-24 05:35:51,264,264,1,0.0,80.5,75.0,93.16770186335404
2024-03-12 23:45:21,155,155,1,0.0,80.5,75.0,93.16770186335404
2024-01-22 23:17:44,265,265,1,2.1,80.5,75.0,93.16770186335404
2024-07-03 11:55:04,163,48,6,1.0,214.7,200.0,93.1532383990737
2024-01-16 14:33:54,265,1,0,24.2,102.0,95.0,93.13725490196079
2024-01-10 15:18:20,102,102,1,0.44,85.9,80.0,93.13154665765468
2024-06-02 18:18:09,33,33,3,0.0,65.5,61.0,93.12977099236642
2024-09-05 12:27:54,264,164,1,0.0,75.2,70.0,93.08511016054804
2024-04-16 22:26:13,108,108,1,0.0,79.5,74.0,93.08176100628931
2024-05-03 00:31:26,97,97,2,0.0,79.5,74.0,93.08176100628931
2024-01-06 08:31:36,129,138,1,0.0,65.0,60.5,93.07692307692308
2024-08-08 15:43:33,61,61,1,0.0,65.0,60.5,93.07692307692308
2024-11-26 10:40:33,132,132,1,0.0,90.25,84.0,93.07479224376732
2024-05-15 18:04:00,217,217,1,0.0,101.0,94.0,93.06930693069307
2024-06-17 13:41:00,166,50,0,3.92,5.46,5.08,93.04029099293041
2024-01-08 19:58:49,263,107,1,3.92,325.7,303.0,93.03039258328243
2024-08-16 11:36:50,48,48,1,0.0,64.5,60.0,93.02325581395348
2024-12-27 09:30:24,265,265,1,0.0,64.5,60.0,93.02325581395348
2024-05-17 11:43:32,256,256,2,0.0,64.5,60.0,93.02325581395348
2024-05-03 03:32:16,125,114,2,1.22,215.0,200.0,93.02325581395348
2024-06-30 09:23:07,51,51,1,0.0,64.5,60.0,93.02325581395348
2024-03-21 12:58:35,73,73,1,12.3,64.5,60.0,93.02325581395348
2024-03-03 18:11:30,243,243,1,0.0,64.5,60.0,93.02325581395348
2024-10-19 19:04:40,36,36,1,0.0,64.5,60.0,93.02325581395348
2024-10-02 13:40:48,164,164,1,0.24,120.12,111.72,93.0069918965949
2024-11-09 15:06:34,68,68,4,0.0,100.0,93.0,93.0
2024-05-30 17:27:38,116,116,1,0.0,100.0,93.0,93.0
2024-06-28 16:00:30,132,132,1,0.0,100.0,93.0,93.0
2024-01-20 08:19:39,132,132,1,0.0,89.25,83.0,92.99719887955182
2024-12-15 04:07:47,200,200,1,0.0,78.5,73.0,92.99363057324841
2024-12-30 16:12:09,236,262,3,1.13,215.1,200.0,92.98000665967028
2024-07-19 16:32:00,43,237,1,0.87,215.1,200.0,92.98000665967028
2024-10-12 19:03:33,237,43,1,2.02,238.8,222.0,92.96482293255391
2024-01-05 17:30:16,89,89,1,0.0,99.45,92.45,92.9612868629417
2024-01-21 13:11:37,143,143,1,0.0,99.0,92.0,92.92929292929293
2024-06-11 20:47:02,92,92,1,0.0,77.5,72.0,92.90322580645162
2024-01-09 22:06:18,133,133,1,0.0,77.5,72.0,92.90322580645162
2024-03-22 18:37:50,1,1,1,0.0,91.0,84.5,92.85714285714286
2024-07-20 01:52:30,265,265,1,0.0,70.0,65.0,92.85714285714286
2024-08-28 21:08:27,90,90,1,0.8,14.0,13.0,92.85714285714286
2024-03-10 22:00:03,162,162,0,0.0,14.0,13.0,92.85714285714286
2024-10-25 02:21:53,90,249,1,0.9,14.0,13.0,92.85714285714286
2024-04-30 01:40:02,265,265,1,0.0,70.0,65.0,92.85714285714286
2024-08-01 15:15:27,163,163,2,0.0,98.0,91.0,92.85714285714286
2024-07-31 21:21:39,265,265,1,0.0,70.0,65.0,92.85714285714286
2024-04-20 00:24:21,265,265,1,0.0,70.0,65.0,92.85714285714286
2024-10-10 22:15:45,265,265,1,0.02,70.0,65.0,92.85714285714286
2024-06-14 14:15:53,163,163,1,0.17,107.7,100.0,92.85051330879554
2024-08-08 20:56:12,211,211,1,0.39,131.4,122.0,92.84627524116203
2024-09-27 10:02:17,132,132,1,0.0,87.19,80.94,92.83174696066772
2024-10-08 16:20:16,1,1,1,0.0,90.5,84.0,92.81767955801105
2024-03-02 18:19:15,141,142,2,1.87,224.1,208.0,92.81570474563988
2024-08-23 00:56:58,116,42,1,0.29,86.2,80.0,92.80742787964957
2024-06-30 23:28:20,164,164,1,0.8,13.9,12.9,92.80575519824556
2024-06-05 14:00:40,166,166,1,0.25,72.2,67.0,92.79778785590545
2024-08-17 02:24:17,68,68,1,0.1,14.0,12.99,92.78571265084403
2024-06-18 10:29:35,137,137,1,0.0,97.0,90.0,92.78350515463917
2024-06-15 14:04:32,163,161,1,0.0,97.0,90.0,92.78350515463917
2024-03-18 19:04:20,89,89,1,0.0,97.0,90.0,92.78350515463917
2024-04-27 16:16:21,230,230,2,0.0,97.0,90.0,92.78350515463917
2024-09-06 10:00:08,87,264,1,22.0,97.0,90.0,92.78350515463917
2024-11-07 11:05:45,236,236,1,0.0,96.99,89.99,92.78276095043113
2024-12-06 10:57:23,132,132,1,0.0,86.25,80.0,92.7536231884058
2024-05-28 22:00:45,265,265,1,0.0,85.2,79.0,92.72300801605826
2024-05-16 21:36:40,40,40,1,0.0,85.2,79.0,92.72300801605826
2024-05-05 22:16:03,80,80,1,0.0,75.5,70.0,92.71523178807946
2024-01-28 03:34:50,220,220,2,0.0,75.5,70.0,92.71523178807946
2024-02-03 04:48:30,169,264,3,0.0,75.5,70.0,92.71523178807946
2024-05-22 23:31:49,247,247,1,0.0,75.5,70.0,92.71523178807946
2024-07-21 23:09:50,235,235,1,0.0,75.5,70.0,92.71523178807946
2024-02-13 20:48:04,265,265,1,0.0,75.5,70.0,92.71523178807946
2024-10-06 00:31:15,265,265,1,0.0,75.5,70.0,92.71523178807946
2024-07-10 04:26:57,264,264,1,0.0,75.5,70.0,92.71523178807946
2024-05-10 21:14:19,101,101,1,0.0,75.5,70.0,92.71523178807946
2024-10-24 21:47:02,80,256,1,0.0,75.5,70.0,92.71523178807946
2024-04-17 00:26:12,216,216,1,0.0,75.5,70.0,92.71523178807946
2024-11-21 17:01:18,234,162,1,1.48,351.15,325.55,92.70966636808137
2024-05-11 11:09:03,143,143,1,0.0,96.0,89.0,92.70833333333334
2024-05-25 11:56:12,142,142,1,0.0,95.88,88.88,92.69920713337268
2024-05-19 14:01:08,264,264,2,0.0,61.5,57.0,92.6829268292683
2024-02-08 14:52:43,258,258,1,0.0,61.5,57.0,92.6829268292683
2024-08-25 21:12:12,132,163,5,17.2,107.94,100.0,92.64405942021692
2024-08-02 23:36:56,137,137,1,0.7,108.0,100.0,92.5925925925926
2024-12-25 10:50:45,265,265,2,0.0,54.0,50.0,92.5925925925926
2024-07-30 20:55:11,107,107,1,4.1,27.0,25.0,92.5925925925926
2024-06-18 23:15:59,170,170,1,0.0,108.0,100.0,92.5925925925926
2024-11-02 20:44:33,249,249,1,0.0,107.99,99.99,92.59190651147888
2024-09-11 21:39:05,48,48,1,0.02,107.99,99.99,92.59190651147888
2024-02-08 12:57:20,90,90,1,0.0,60.5,56.0,92.56198347107438
2024-05-12 09:20:14,148,264,1,0.0,60.5,56.0,92.56198347107438
2024-09-24 16:07:35,196,95,1,0.02,94.0,87.0,92.5531914893617
2024-05-04 23:22:42,10,10,4,0.0,15.13,14.0,92.53139388041126
2024-09-27 00:02:19,142,142,1,0.0,107.0,99.0,92.5233644859813
2024-10-08 22:47:32,142,142,1,0.01,107.0,99.0,92.5233644859813
2024-09-13 23:32:02,142,142,1,0.0,107.0,99.0,92.5233644859813
2024-01-26 00:10:55,141,141,1,0.0,107.0,99.0,92.5233644859813
2024-03-28 14:28:04,237,236,2,0.8,168.4,155.8,92.51781989227874
2024-02-12 21:52:53,265,265,1,0.0,73.5,68.0,92.51700680272108
2024-07-28 20:48:25,235,235,1,0.0,73.5,68.0,92.51700680272108
2024-01-07 16:25:08,129,129,1,0.0,60.05,55.55,92.50624470079465
2024-07-04 13:55:46,249,68,1,1.0,140.0,129.5,92.5
2024-06-26 14:31:42,146,146,1,0.0,60.0,55.5,92.5
2024-10-20 08:25:13,161,161,1,0.0,93.0,86.0,92.47311827956989
2024-07-16 15:06:06,186,186,1,0.0,93.0,86.0,92.47311827956989
2024-08-29 00:25:13,66,88,1,0.0,73.0,67.5,92.46575342465754
2024-08-18 20:06:57,65,65,1,0.31,82.2,76.0,92.45742435714924
2024-06-30 03:59:26,36,36,1,0.0,106.0,98.0,92.45283018867924
2024-10-11 11:28:11,237,161,6,1.0,194.7,180.0,92.44992440747191
2024-11-18 12:15:15,244,244,1,0.0,59.5,55.0,92.43697478991596
2024-11-09 08:18:04,159,159,1,0.0,59.5,55.0,92.43697478991596
2024-01-16 06:52:28,244,244,1,0.0,59.5,55.0,92.43697478991596
2024-11-30 19:28:41,41,41,1,0.0,59.5,55.0,92.43697478991596
2024-05-20 21:12:47,142,230,1,1.8,216.4,200.0,92.4214443812187
2024-02-06 21:49:41,17,264,1,0.0,72.5,67.0,92.41379310344827
2024-01-04 23:19:03,47,47,1,0.0,72.5,67.0,92.41379310344827
2024-05-16 12:42:44,152,152,1,0.0,15.15,14.0,92.40924325091278
2024-08-06 10:04:08,161,161,1,0.0,92.0,85.0,92.3913043478261
2024-12-16 15:58:06,230,230,2,0.0,92.0,85.0,92.3913043478261
2024-10-14 14:03:28,163,163,3,0.0,92.0,85.0,92.3913043478261
2024-10-15 15:10:33,170,237,1,1.94,312.6,288.8,92.38643063152544
2024-10-17 15:54:00,237,237,1,0.0,91.79,84.79,92.37389701472824
2024-05-13 13:38:56,155,155,1,0.0,58.5,54.0,92.3076923076923
2024-08-30 21:52:36,141,74,1,2.8,240.5,222.0,92.3076923076923
2024-02-07 21:00:58,265,265,1,0.0,65.0,60.0,92.3076923076923
2024-02-18 14:09:21,140,140,1,0.0,13.0,12.0,92.3076923076923
2024-08-27 21:23:04,132,132,1,0.2,94.25,87.0,92.3076923076923
2024-10-30 14:18:07,48,48,0,0.0,19.5,18.0,92.3076923076923
2024-12-08 19:52:49,25,25,1,0.0,58.5,54.0,92.3076923076923
2024-01-21 02:34:52,198,198,1,0.0,71.5,66.0,92.3076923076923
2024-12-15 01:54:38,229,90,0,3.52,4.67,4.31,92.291217823703
2024-05-02 13:29:09,230,230,1,0.05,108.39,99.99,92.25020613231858
2024-03-11 22:43:44,265,265,1,0.0,160.44,148.0,92.24632120910779
2024-05-16 17:16:40,265,265,1,0.0,90.0,83.0,92.22222222222223
2024-05-16 17:15:27,265,265,1,0.0,90.0,83.0,92.22222222222223
2024-03-30 15:01:41,132,132,1,0.0,80.25,74.0,92.21183800623052
2024-10-27 06:02:26,132,132,1,3.4,80.25,74.0,92.21183800623052
2024-11-23 19:27:10,132,132,1,0.0,80.25,74.0,92.21183800623052
2024-07-25 20:42:41,223,223,5,0.0,70.5,65.0,92.19858156028369
2024-09-08 03:24:39,108,108,1,0.0,70.5,65.0,92.19858156028369
2024-10-21 00:36:46,216,216,1,0.0,70.5,65.0,92.19858156028369
2024-06-11 00:09:40,265,265,1,0.0,70.5,65.0,92.19858156028369
2024-12-14 01:58:00,216,216,1,0.0,70.5,65.0,92.19858156028369
2024-05-16 01:40:17,201,201,1,0.0,70.5,65.0,92.19858156028369
2024-10-21 22:38:30,17,17,1,0.0,70.5,65.0,92.19858156028369
2024-02-03 00:13:56,265,265,1,0.0,70.5,65.0,92.19858156028369
2024-11-16 04:37:18,137,265,3,18.6,184.39,170.0,92.19588945318024
2024-01-14 20:52:49,197,197,1,0.0,70.0,64.5,92.14285714285714
2024-09-26 20:24:29,132,132,1,0.0,92.25,85.0,92.14092140921409
2024-01-29 03:50:20,132,132,1,0.0,92.25,85.0,92.14092140921409
2024-05-09 08:13:23,238,238,2,0.0,89.0,82.0,92.13483146067416
2024-04-13 19:20:00,265,265,2,0.14,59.7,55.0,92.12730200523362
2024-04-25 15:49:26,25,62,1,2.03,216.21,199.11,92.09102003953693
2024-07-05 02:18:40,19,19,5,0.0,69.5,64.0,92.08633093525181
2024-10-13 16:08:14,100,100,1,0.0,88.0,81.0,92.04545454545455
2024-04-01 08:33:43,136,136,1,0.0,56.5,52.0,92.03539823008849
2024-10-15 12:09:35,100,100,1,0.0,48.9,45.0,92.02453700576075
2024-11-16 20:58:33,87,87,4,0.0,100.0,92.0,92.0
2024-02-26 01:04:59,260,260,1,0.01,100.0,92.0,92.0
2024-06-29 00:21:03,142,142,1,0.01,100.0,92.0,92.0
2024-04-18 02:26:54,100,100,1,0.0,100.0,92.0,92.0
2024-10-12 12:40:36,265,265,1,0.0,50.0,46.0,92.0
2024-08-30 04:08:11,148,148,1,0.0,100.0,92.0,92.0
2024-04-07 16:41:13,1,1,1,0.0,50.0,46.0,92.0
2024-05-24 03:16:06,148,79,4,0.14,108.69,99.99,91.9955797385074
2024-09-12 21:22:48,186,249,1,0.8,152.2,140.0,91.98423311901183
2024-04-06 01:08:12,188,188,1,0.0,68.5,63.0,91.97080291970804
2024-04-24 20:04:30,132,132,1,0.0,90.25,83.0,91.96675900277008
2024-09-21 13:20:30,239,239,1,0.0,43.5,40.0,91.95402298850574
2024-11-18 13:44:01,125,125,1,0.0,87.0,80.0,91.95402298850574
2024-05-27 12:26:14,50,50,2,0.0,87.0,80.0,91.95402298850574
2024-11-21 18:15:35,226,226,1,0.0,87.0,80.0,91.95402298850574
2024-09-05 12:37:40,68,68,1,0.0,87.0,80.0,91.95402298850574
2024-01-12 11:40:27,161,161,1,0.0,87.0,80.0,91.95402298850574
2024-11-30 14:22:39,158,158,1,0.0,87.0,80.0,91.95402298850574
2024-01-23 09:50:14,164,164,1,0.0,87.0,80.0,91.95402298850574
2024-10-30 22:37:25,142,142,1,0.11,107.7,99.0,91.92200817570757
2024-02-15 12:38:04,141,237,5,0.59,121.3,111.5,91.92085506578576
2024-05-16 00:11:09,265,265,1,2.1,65.3,60.0,91.88360979469336
2024-12-17 05:04:00,82,226,3,3.6,300.4,276.0,91.87749853786866
2024-11-11 18:54:16,48,48,1,0.0,86.0,79.0,91.86046511627907
2024-01-07 16:38:52,170,170,1,0.0,86.0,79.0,91.86046511627907
2024-07-22 09:21:44,262,161,1,3.0,326.6,300.0,91.8554789937497
2024-04-26 00:33:49,58,58,1,0.0,67.5,62.0,91.85185185185185
2024-07-06 23:00:02,238,238,0,0.0,67.5,62.0,91.85185185185185
2024-10-31 23:36:12,178,178,3,0.0,67.5,62.0,91.85185185185185
2024-02-08 00:33:18,90,90,1,0.0,98.0,90.0,91.83673469387756
2024-06-13 02:25:23,144,144,2,0.0,98.0,90.0,91.83673469387756
2024-10-01 22:42:32,88,87,1,0.0,98.0,90.0,91.83673469387756
2024-11-01 02:35:14,232,148,1,0.0,98.0,90.0,91.83673469387756
2024-03-08 20:00:13,107,107,1,0.2,98.0,90.0,91.83673469387756
2024-09-13 04:11:43,231,231,1,0.0,98.0,90.0,91.83673469387756
2024-10-06 00:53:26,263,263,4,0.0,98.0,90.0,91.83673469387756
2024-05-06 04:31:42,68,68,1,0.0,98.0,90.0,91.83673469387756
2024-11-25 15:39:10,237,142,1,1.36,218.78,200.88,91.81826766781286
2024-06-17 12:53:46,95,95,1,0.0,54.94,50.44,91.80924624593577
2024-02-07 15:43:13,132,132,1,0.0,76.25,70.0,91.80327868852459
2024-11-30 16:29:54,132,132,1,0.0,76.25,70.0,91.80327868852459
2024-10-17 16:19:12,138,138,1,0.0,167.0,153.25,91.76646706586826
2024-03-16 16:13:46,186,186,2,0.0,85.0,78.0,91.76470588235294
2024-10-29 12:14:14,264,264,6,0.0,54.55,50.05,91.75068732733774
2024-08-25 17:25:59,112,112,1,0.0,54.55,50.05,91.75068732733774
2024-06-02 17:13:46,186,186,2,0.0,54.5,50.0,91.74311926605505
2024-09-01 16:08:40,167,167,1,0.0,54.5,50.0,91.74311926605505
2024-03-13 15:42:26,231,231,1,0.0,54.5,50.0,91.74311926605505
2024-07-11 11:34:25,151,151,1,0.0,54.5,50.0,91.74311926605505
2024-11-10 16:59:37,265,265,1,0.0,54.5,50.0,91.74311926605505
2024-01-07 16:32:12,129,129,1,0.0,54.5,50.0,91.74311926605505
2024-08-06 09:06:32,265,265,1,0.0,54.5,50.0,91.74311926605505
2024-09-20 10:29:51,106,106,1,0.0,54.5,50.0,91.74311926605505
2024-10-31 08:18:43,169,169,1,0.0,54.5,50.0,91.74311926605505
2024-11-19 12:16:21,95,95,1,0.0,54.5,50.0,91.74311926605505
2024-10-15 23:41:07,265,265,1,0.0,60.5,55.5,91.73553719008265
2024-08-17 08:44:48,186,68,6,0.38,110.1,101.0,91.73478782902977
2024-07-13 23:08:16,189,189,1,0.0,66.31,60.81,91.70563054169509
2024-07-13 07:14:29,8,223,2,0.1,84.0,77.0,91.66666666666666
2024-12-08 02:32:49,79,79,1,0.3,12.0,11.0,91.66666666666666
2024-10-08 00:09:27,265,265,1,0.0,60.0,55.0,91.66666666666666
2024-08-17 22:52:31,265,265,1,0.0,60.0,55.0,91.66666666666666
2024-02-12 03:58:19,211,211,2,0.5,12.0,11.0,91.66666666666666
2024-02-04 16:58:52,237,141,1,0.48,109.1,100.0,91.6590296962473
2024-09-07 07:06:45,233,162,0,0.3,109.1,100.0,91.6590296962473
2024-08-14 21:34:02,167,167,1,0.0,65.5,60.0,91.6030534351145
2024-06-09 00:41:44,65,65,1,0.0,65.5,60.0,91.6030534351145
2024-11-13 21:09:11,64,64,1,0.0,65.5,60.0,91.6030534351145
2024-01-01 05:34:47,61,61,1,0.0,65.5,60.0,91.6030534351145
2024-11-20 23:08:15,265,265,1,0.0,65.5,60.0,91.6030534351145
2024-12-29 21:34:18,82,82,4,0.0,65.5,60.0,91.6030534351145
2024-09-29 04:54:46,244,244,1,0.0,65.5,60.0,91.6030534351145
2024-05-02 23:04:12,265,265,1,0.0,65.5,60.0,91.6030534351145
2024-10-10 00:20:36,65,65,1,0.0,65.5,60.0,91.6030534351145
2024-09-12 22:28:57,265,265,1,0.0,65.5,60.0,91.6030534351145
2024-10-24 17:48:01,132,132,0,0.0,32.76,30.0,91.57509626696455
2024-06-28 17:11:51,26,26,1,0.0,83.0,76.0,91.56626506024097
2024-11-09 23:08:42,148,137,5,3.68,284.98,260.88,91.54326437840167
2024-05-05 11:57:13,211,211,1,0.0,82.55,75.55,91.52029104637211
2024-01-11 12:45:54,246,246,1,0.0,82.55,75.55,91.52029104637211
2024-10-22 18:36:10,265,265,2,0.01,76.5,70.0,91.50326797385621
2024-11-19 16:58:55,1,1,1,0.0,109.29,99.99,91.49052706208138
2024-02-28 20:41:19,140,140,1,2.1,94.0,86.0,91.48936170212765
2024-07-16 00:22:24,249,90,3,0.15,102.18,93.48,91.48561663509655
2024-09-13 14:31:55,265,1,4,2.1,135.0,123.5,91.48148148148148
2024-12-14 11:19:26,88,88,1,0.0,82.0,75.0,91.46341463414635
2024-06-13 12:15:03,170,170,1,0.0,82.0,75.0,91.46341463414635
2024-05-14 09:31:16,162,162,1,0.0,82.0,75.0,91.46341463414635
2024-07-28 00:51:46,249,249,3,0.41,109.4,100.0,91.40767697004529
2024-10-27 02:13:03,170,170,1,0.0,109.39,99.99,91.40689132614766
2024-12-02 22:31:43,142,142,1,0.13,109.39,99.99,91.40689132614766
2024-08-29 22:42:35,62,62,1,12.3,64.0,58.5,91.40625
2024-07-21 22:35:59,255,255,1,0.0,63.95,58.45,91.39953098610847
2024-09-19 14:36:44,237,170,1,1.3,218.9,200.0,91.36592305917469
2024-08-03 13:54:52,140,236,4,0.8,121.61,111.11,91.36584166820057
2024-08-24 18:20:18,7,7,5,0.15,60.2,55.0,91.36212508797725
2024-12-03 13:37:50,141,141,4,0.33,97.2,88.8,91.3580306993659
2024-11-12 13:15:46,164,164,1,0.0,81.0,74.0,91.35802469135803
2024-05-12 04:42:00,83,83,1,0.0,63.5,58.0,91.33858267716536
2024-04-04 18:01:06,164,164,1,0.0,109.49,99.99,91.32340836117272
2024-08-26 17:25:49,164,164,1,0.0,109.49,99.99,91.32340836117272
2024-09-12 19:47:08,142,142,1,0.01,109.49,99.99,91.32340836117272
2024-02-02 23:34:40,256,256,1,16.9,83.46,76.21,91.31320383473522
2024-09-06 22:08:22,141,237,1,0.24,100.0,91.3,91.30000305175781
2024-10-13 12:53:32,243,243,1,0.0,51.5,47.0,91.2621359223301
2024-12-28 16:52:05,264,264,1,0.02,51.5,47.0,91.2621359223301
2024-10-16 14:15:22,244,244,2,0.0,51.5,47.0,91.2621359223301
2024-03-25 12:17:04,257,257,1,0.0,51.5,47.0,91.2621359223301
2024-08-18 19:33:10,87,87,2,0.0,51.5,47.0,91.2621359223301
2024-05-17 15:48:05,229,229,1,0.26,104.1,95.0,91.25840671709202
2024-07-31 16:05:47,74,74,1,0.0,80.0,73.0,91.25
2024-02-10 11:29:48,163,163,1,0.0,80.0,73.0,91.25
2024-11-26 17:15:35,132,132,2,1.8,100.0,91.25,91.25
2024-09-14 09:43:43,230,230,2,0.0,80.0,73.0,91.25
2024-06-14 17:24:17,132,132,1,0.0,100.0,91.25,91.25
2024-10-20 18:00:21,262,262,1,0.0,80.0,73.0,91.25
2024-03-09 02:30:05,114,211,1,1.9,219.2,200.0,91.24087718268731
2024-07-22 16:09:50,223,223,1,0.0,87.7,80.0,91.2200715892995
2024-06-03 15:36:07,170,170,1,0.0,87.7,80.0,91.2200715892995
2024-09-30 06:54:03,239,239,1,0.18,87.7,80.0,91.2200715892995
2024-04-02 00:09:41,265,265,4,0.0,62.5,57.0,91.2
2024-06-01 23:39:27,220,220,1,0.0,62.5,57.0,91.2
2024-02-22 18:18:10,132,132,1,0.0,93.69,85.44,91.19436462267193
2024-09-10 21:46:31,142,142,1,0.33,98.7,90.0,91.18541315375681
2024-04-26 15:44:50,140,243,2,8.1,577.31,526.21,91.14860719508826
2024-01-11 17:13:53,132,132,1,0.0,98.75,90.0,91.13924050632912
2024-06-23 17:39:13,142,142,1,0.01,79.0,72.0,91.13924050632912
2024-08-06 21:52:09,62,62,1,0.0,62.07,56.57,91.13903652804653
2024-04-05 15:00:07,226,157,2,3.4,248.0,226.0,91.12903225806451
2024-01-29 00:12:12,87,87,1,0.0,90.0,82.0,91.11111111111111
2024-12-17 15:22:11,231,231,1,0.0,50.5,46.0,91.0891089108911
2024-04-28 17:57:20,263,263,1,0.0,50.5,46.0,91.0891089108911
2024-08-31 08:56:40,265,265,4,0.0,50.5,46.0,91.0891089108911
2024-11-03 15:02:39,158,249,2,0.63,109.79,99.99,91.0738655888181
2024-12-01 12:07:12,100,100,3,0.17,109.79,99.99,91.0738655888181
2024-10-22 15:01:53,132,132,1,0.0,70.0,63.75,91.07142857142857
2024-01-06 16:14:00,211,232,0,2.41,4.48,4.08,91.07142648070443
2024-02-27 06:33:01,164,164,1,0.0,78.19,71.19,91.04744880236366
2024-09-28 00:38:24,144,144,1,0.0,89.0,81.0,91.01123595505618
2024-01-17 20:26:23,261,261,1,0.0,89.0,81.0,91.01123595505618
2024-09-06 12:11:49,155,155,1,4.2,50.0,45.5,91.0
2024-07-07 14:38:29,243,243,1,0.0,50.0,45.5,91.0
2024-06-07 14:44:02,260,260,0,0.9,50.0,45.5,91.0
2024-07-14 04:29:10,17,17,1,0.0,61.05,55.55,90.99099087840575
2024-06-29 03:00:23,202,202,1,3.6,61.05,55.55,90.99099087840575
2024-11-01 15:20:56,137,217,1,4.9,303.0,275.7,90.99010303862417
2024-12-05 12:23:00,186,163,0,1.4,256.2,233.1,90.98360460465206
2024-08-10 00:39:31,142,161,4,1.1,135.2,123.0,90.9763334144803
2024-05-28 10:21:28,239,142,1,0.82,123.2,112.0,90.90909316097837
2024-09-15 10:01:20,263,262,1,0.25,100.1,91.0,90.9090922948678
2024-12-13 03:46:45,265,265,1,0.0,55.0,50.0,90.9090909090909
2024-07-24 22:33:06,255,255,1,0.0,60.5,55.0,90.9090909090909
2024-07-16 15:54:32,170,132,2,16.1,11.0,10.0,90.9090909090909
2024-12-27 16:53:45,142,142,1,0.0,104.5,95.0,90.9090909090909
2024-07-08 17:44:12,230,230,1,9.6,16.5,15.0,90.9090909090909
2024-03-28 16:41:41,48,48,1,0.0,104.5,95.0,90.9090909090909
2024-06-07 00:27:42,247,247,1,0.0,60.5,55.0,90.9090909090909
2024-08-29 14:37:10,233,233,1,0.0,77.0,70.0,90.9090909090909
2024-01-11 14:04:43,48,163,1,1.1,22.0,20.0,90.9090909090909
2024-12-04 23:55:25,162,162,1,0.0,88.0,80.0,90.9090909090909
2024-12-14 02:37:39,231,231,2,0.0,22.0,20.0,90.9090909090909
2024-12-22 16:26:07,239,239,2,0.0,77.0,70.0,90.9090909090909
2024-04-27 20:09:17,166,166,1,0.0,49.5,45.0,90.9090909090909
2024-08-17 13:50:52,166,264,1,0.0,49.5,45.0,90.9090909090909
2024-06-15 22:54:27,24,24,1,0.0,60.5,55.0,90.9090909090909
2024-10-09 01:09:04,142,142,1,0.02,88.0,80.0,90.9090909090909
2024-07-28 20:14:04,132,265,1,12.8,11.0,10.0,90.9090909090909
2024-04-13 15:16:12,255,255,1,0.0,49.5,45.0,90.9090909090909
2024-07-24 20:06:52,149,149,1,0.0,60.5,55.0,90.9090909090909
2024-05-27 16:02:33,197,132,1,5.3,11.0,10.0,90.9090909090909
2024-06-15 15:10:15,145,145,1,0.0,49.5,45.0,90.9090909090909
2024-05-21 16:02:49,80,80,1,0.0,49.5,45.0,90.9090909090909
2024-09-22 00:52:57,79,79,1,1.0,88.0,80.0,90.9090909090909
2024-02-08 22:22:00,265,265,1,0.0,55.0,50.0,90.9090909090909
2024-03-07 01:44:47,129,129,1,0.0,60.5,55.0,90.9090909090909
2024-11-09 22:47:12,265,265,1,0.0,55.0,50.0,90.9090909090909
2024-12-06 07:33:45,142,142,1,0.0,77.0,70.0,90.9090909090909
2024-12-05 20:43:41,243,243,1,0.0,60.5,55.0,90.9090909090909
2024-01-05 16:35:30,226,260,4,0.01,77.0,70.0,90.9090909090909
2024-04-27 17:03:19,164,164,1,0.0,77.0,70.0,90.9090909090909
2024-04-16 22:09:34,265,265,0,0.0,11.0,10.0,90.9090909090909
2024-04-14 20:05:45,265,265,1,0.0,55.0,50.0,90.9090909090909
2024-03-04 15:15:16,237,237,1,0.0,77.0,70.0,90.9090909090909
2024-05-26 14:25:36,87,87,1,0.0,77.0,70.0,90.9090909090909
2024-11-29 12:43:10,42,42,3,0.0,49.5,45.0,90.9090909090909
2024-11-27 00:38:42,142,142,1,0.0,88.0,80.0,90.9090909090909
2024-06-28 12:28:45,41,41,0,0.0,49.5,45.0,90.9090909090909
2024-06-24 02:47:01,265,265,1,0.0,55.0,50.0,90.9090909090909
2024-08-04 13:11:32,265,265,1,0.0,49.5,45.0,90.9090909090909
2024-10-30 22:55:09,265,265,1,0.0,88.0,80.0,90.9090909090909
2024-01-04 15:07:08,69,69,1,0.0,49.5,45.0,90.9090909090909
2024-11-14 13:32:35,220,220,1,0.0,49.5,45.0,90.9090909090909
2024-05-01 16:34:02,264,264,1,0.0,77.0,70.0,90.9090909090909
2024-10-29 22:25:24,142,142,1,0.0,88.0,80.0,90.9090909090909
2024-03-17 03:35:18,49,49,1,0.02,60.5,55.0,90.9090909090909
2024-08-19 04:14:59,140,140,2,0.0,88.0,80.0,90.9090909090909
2024-12-31 12:22:13,230,230,1,0.0,77.0,70.0,90.9090909090909
2024-03-04 15:58:47,265,265,1,0.0,77.0,70.0,90.9090909090909
2024-02-04 20:31:41,143,143,1,0.0,60.5,55.0,90.9090909090909
2024-05-14 10:26:44,3,3,1,0.0,49.5,45.0,90.9090909090909
2024-04-21 18:31:26,129,129,2,0.0,49.5,45.0,90.9090909090909
2024-11-24 12:20:54,145,145,1,0.0,49.5,45.0,90.9090909090909
2024-12-05 11:56:53,238,238,1,0.0,49.5,45.0,90.9090909090909
2024-07-06 17:39:37,65,66,3,0.26,57.2,52.0,90.90908969653617
2024-10-21 12:37:33,164,141,1,1.97,330.1,300.0,90.88154936474719
2024-05-04 11:54:32,145,141,0,3.04,4.49,4.08,90.86859981487248
2024-11-01 13:27:09,48,113,1,2.5,244.62,222.22,90.84294238263169
2024-12-15 03:55:31,265,265,1,0.0,60.0,54.5,90.83333333333333
2024-07-19 23:48:13,265,265,1,0.0,60.0,54.5,90.83333333333333
2024-02-24 04:40:33,265,265,0,1.4,60.0,54.5,90.83333333333333
2024-10-30 10:58:50,263,263,1,0.0,11.01,10.0,90.8265194560817
2024-12-27 20:11:56,50,50,1,0.0,11.01,10.0,90.8265194560817
2024-05-02 22:23:31,48,48,1,0.0,11.01,10.0,90.8265194560817
2024-02-09 00:20:03,249,249,1,0.1,11.01,10.0,90.8265194560817
2024-03-03 08:35:00,114,114,1,0.0,11.01,10.0,90.8265194560817
2024-02-11 02:23:12,40,40,1,0.0,11.01,10.0,90.8265194560817
2024-01-11 22:10:48,265,265,3,0.0,11.01,10.0,90.8265194560817
2024-04-03 19:20:17,68,158,1,0.5,11.01,10.0,90.8265194560817
2024-12-01 22:08:14,142,143,1,0.56,110.09,99.99,90.82568915424254
2024-09-07 09:56:04,258,258,1,0.0,48.94,44.44,90.8050671714892
2024-12-28 15:05:54,161,161,1,0.0,76.0,69.0,90.78947368421053
2024-03-30 00:13:22,162,162,1,0.4,101.85,92.45,90.77073964977296
2024-05-01 01:44:11,247,247,1,0.0,59.5,54.0,90.75630252100841
2024-07-11 20:32:18,244,244,1,0.0,59.5,54.0,90.75630252100841
2024-05-11 10:06:48,48,138,0,10.18,10.92,9.91,90.75091371954814
2024-01-27 03:05:54,230,163,1,0.53,109.1,99.0,90.74243939928482
2024-04-19 21:58:51,234,237,1,2.19,244.7,222.0,90.72333582699488
2024-07-07 18:51:30,138,138,1,0.0,121.25,110.0,90.72164948453609
2024-11-10 10:29:19,70,70,1,0.0,48.5,44.0,90.72164948453609
2024-01-13 16:07:15,265,265,1,0.06,43.0,39.0,90.69767441860465
2024-11-20 17:20:03,151,151,1,0.0,75.0,68.0,90.66666666666666
2024-06-28 19:46:40,132,132,2,0.0,93.75,85.0,90.66666666666666
2024-07-21 15:10:13,107,107,1,0.0,75.0,68.0,90.66666666666666
2024-05-30 18:07:27,132,132,1,0.0,93.75,85.0,90.66666666666666
2024-04-03 18:26:02,132,132,1,21.1,93.75,85.0,90.66666666666666
2024-08-27 16:28:37,265,265,1,3.2,75.0,68.0,90.66666666666666
2024-09-03 18:52:34,93,93,2,11.1,75.0,68.0,90.66666666666666
2024-09-06 16:06:52,231,231,1,0.0,101.5,92.0,90.64039408866995
2024-10-05 19:48:09,107,163,0,2.36,3.31,3.0,90.63444265442429
2024-05-17 21:14:03,144,148,2,0.28,100.0,90.6,90.5999984741211
2024-05-12 23:17:38,17,17,1,0.0,58.5,53.0,90.5982905982906
2024-11-01 02:51:39,72,72,1,0.0,58.5,53.0,90.5982905982906
2024-01-16 22:31:35,230,230,1,0.0,85.0,77.0,90.58823529411765
2024-12-31 07:43:43,181,189,1,0.06,55.2,50.0,90.57970889299214
2024-05-21 13:21:55,244,116,1,0.23,55.2,50.0,90.57970889299214
2024-01-27 01:19:02,79,137,1,1.0,122.0,110.5,90.57377049180327
2024-08-31 17:06:19,132,132,2,0.0,66.25,60.0,90.56603773584906
2024-09-04 10:12:29,151,166,1,1.23,99.4,90.0,90.54325816742407
2024-12-15 14:09:44,162,162,1,0.0,74.0,67.0,90.54054054054053
2024-02-24 17:44:12,75,75,1,0.0,47.5,43.0,90.52631578947368
2024-09-16 18:00:41,164,164,2,0.0,100.0,90.5,90.5
2024-05-22 13:05:15,230,230,1,0.0,73.66,66.66,90.49687801794016
2024-12-09 04:35:48,82,260,4,0.88,109.4,99.0,90.49360020034483
2024-11-11 13:12:00,144,144,3,0.0,73.5,66.5,90.47619047619048
2024-09-13 19:58:43,142,142,1,0.0,99.5,90.0,90.45226130653266
2024-12-13 18:40:58,87,87,1,0.0,99.5,90.0,90.45226130653266
2024-10-30 01:16:17,76,76,1,0.0,57.5,52.0,90.43478260869566
2024-05-09 20:57:18,129,129,2,0.0,57.5,52.0,90.43478260869566
2024-09-14 02:16:28,144,68,1,2.69,208.0,188.1,90.43269524207483
2024-09-27 15:48:32,14,14,1,0.0,47.0,42.5,90.42553191489363
2024-07-17 03:37:11,230,230,1,0.0,83.0,75.0,90.36144578313254
2024-10-03 23:43:13,233,233,1,0.0,83.0,75.0,90.36144578313254
2024-02-24 21:42:54,265,265,4,0.0,166.0,150.0,90.36144578313254
2024-10-15 00:03:37,263,263,1,0.12,83.0,75.0,90.36144578313254
2024-09-13 20:00:09,142,142,1,0.0,83.0,75.0,90.36144578313254
2024-08-02 20:26:36,230,230,1,0.0,83.0,75.0,90.36144578313254
2024-04-13 13:45:57,100,100,1,0.0,72.55,65.55,90.35148214259048
2024-09-27 21:42:20,236,237,1,0.68,111.8,101.0,90.33989019950388
2024-11-16 19:12:53,113,234,1,0.28,94.1,85.0,90.32943823413162
2024-11-01 11:55:58,255,255,1,0.0,46.5,42.0,90.32258064516128
2024-03-12 13:56:39,25,25,1,0.0,46.5,42.0,90.32258064516128
2024-04-14 09:14:21,40,40,1,0.0,46.5,42.0,90.32258064516128
2024-09-26 14:24:15,226,226,1,0.43,104.35,94.25,90.3210362991755
2024-05-02 10:09:41,231,231,1,0.71,122.9,111.0,90.31733004220254
2024-12-07 14:40:09,229,82,3,6.1,505.0,456.0,90.2970297029703
2024-03-13 15:42:00,230,230,1,0.0,72.0,65.0,90.27777777777779
2024-07-27 17:46:10,230,230,1,0.0,72.0,65.0,90.27777777777779
2024-01-11 17:16:19,265,265,1,0.0,72.0,65.0,90.27777777777779
2024-10-21 13:55:44,161,264,2,0.0,72.0,65.0,90.27777777777779
2024-03-28 11:41:24,163,163,1,0.0,72.0,65.0,90.27777777777779
2024-05-23 17:58:53,265,265,1,0.0,72.0,65.0,90.27777777777779
2024-09-21 16:10:10,161,161,2,0.0,72.0,65.0,90.27777777777779
2024-02-02 08:04:32,239,239,1,0.0,72.0,65.0,90.27777777777779
2024-05-31 12:52:53,161,161,1,0.0,72.0,65.0,90.27777777777779
2024-09-17 17:41:02,145,226,1,0.2,100.8,91.0,90.27777504458427
2024-08-30 18:41:23,162,162,1,0.0,97.5,88.0,90.25641025641026
2024-05-16 03:34:44,261,87,1,0.7,110.8,100.0,90.25270509540255
2024-03-08 22:27:49,48,50,1,0.5,110.8,100.0,90.25270509540255
2024-09-24 08:23:29,87,87,0,0.0,71.75,64.75,90.2439024390244
2024-04-19 22:56:44,164,234,1,0.0,82.0,74.0,90.2439024390244
2024-06-27 20:04:14,144,170,1,2.73,325.38,293.58,90.22680624705262
2024-06-05 18:48:46,1,1,1,0.07,66.5,60.0,90.22556390977444
2024-09-19 12:40:26,142,43,1,1.82,171.8,155.0,90.22118582460298
2024-12-05 11:29:50,263,114,2,4.37,371.9,335.5,90.21242417481297
2024-11-23 00:43:54,230,163,1,0.22,88.7,80.0,90.19166037478134
2024-12-06 17:39:40,132,132,0,0.0,88.75,80.0,90.14084507042254
2024-11-13 19:00:31,226,226,1,0.01,71.0,64.0,90.14084507042254
2024-11-07 09:53:30,113,261,1,2.12,234.21,211.11,90.13705416449744
2024-06-06 10:57:44,231,264,1,0.03,45.61,41.11,90.13374273233688
2024-07-12 02:08:18,114,114,1,0.19,87.98,79.28,90.11138412629865
2024-11-08 13:04:57,45,45,1,0.0,45.5,41.0,90.10989010989012
2024-07-08 12:19:40,256,264,1,0.0,45.5,41.0,90.10989010989012
2024-10-09 23:49:12,255,255,1,0.09,62.67,56.47,90.10691378747407
2024-09-30 18:44:38,88,88,1,0.0,38.85,35.0,90.09009362848323
2024-08-17 01:34:30,112,112,1,0.0,55.5,50.0,90.09009009009009
2024-12-16 02:27:01,247,247,1,0.0,55.5,50.0,90.09009009009009
2024-12-13 23:56:01,260,260,1,0.0,55.5,50.0,90.09009009009009
2024-03-09 04:39:56,265,265,1,0.0,55.5,50.0,90.09009009009009
2024-11-10 03:31:29,82,82,1,0.0,55.5,50.0,90.09009009009009
2024-12-16 23:56:20,32,32,1,0.02,55.5,50.0,90.09009009009009
2024-02-25 20:53:55,255,255,1,0.0,55.5,50.0,90.09009009009009
2024-12-13 01:15:42,198,198,1,0.0,55.5,50.0,90.09009009009009
2024-01-21 23:19:48,168,168,2,0.0,55.5,50.0,90.09009009009009
2024-07-09 22:33:09,167,167,1,0.0,55.5,50.0,90.09009009009009
2024-06-06 03:26:05,72,72,1,0.0,55.5,50.0,90.09009009009009
2024-07-18 22:02:10,179,179,1,0.07,55.5,50.0,90.09009009009009
2024-04-23 23:05:19,210,210,1,0.0,55.5,50.0,90.09009009009009
2024-11-10 03:25:12,20,20,2,0.0,55.5,50.0,90.09009009009009
2024-12-13 01:01:00,112,112,1,0.0,55.5,50.0,90.09009009009009
2024-07-28 04:41:01,195,40,1,0.02,55.5,50.0,90.09009009009009
