source_year,pu_location_id,total_pickups,total_revenue
2017,237,350209,4298327.690915406
2017,236,319017,3999146.147067368
2017,186,318151,4785906.487657726
2017,161,312526,4758130.38593173
2017,162,295150,4897674.611410975
2017,230,295148,4949903.502604544
2017,234,292388,4094670.0812490582
2017,48,284292,4143031.6397806406
2017,170,282021,4163191.7419530153
2017,79,259713,3704634.1140782237
2017,138,255701,11141057.544951558
2017,142,250883,3452671.293362558
2017,132,232273,12986737.30452329
2017,163,228680,3555688.802299738
2017,68,221844,3226162.840252459
2017,239,221697,2925165.114084065
2017,164,219900,3322440.262722075
2017,107,213398,2937694.0111451745
2017,141,200066,2513550.293045163
2017,249,189378,2662960.128919244
2017,100,183342,2699251.901846409
2017,90,170605,2290171.351821214
2017,231,165793,2718645.819375783
2017,238,162898,2150263.592353463
2017,229,161483,2198712.6217205524
2017,263,155337,2018217.5606625676
2017,113,147018,2007965.0403744578
2017,140,147018,2083923.6372213364
2017,148,142561,2272947.150569916
2017,246,136944,2031069.5085522234
2017,114,130983,1884875.9270302355
2017,43,122585,1699976.981036961
2017,264,115559,2115144.621439364
2017,233,111980,1779400.5203998685
2017,158,111056,1678995.9483209252
2017,137,108174,1497962.6096648574
2017,144,104781,1621917.5237490535
2017,262,102616,1399262.2401342392
2017,143,95144,1256045.811060369
2017,50,89569,1346709.129490018
2017,13,85783,1725145.8191478252
2017,211,79230,1202940.9272059798
2017,151,75648,1013956.3702861071
2017,87,73844,1550204.7194194794
2017,125,58561,907025.5591281056
2017,261,57899,1171613.151140511
2017,75,56056,742475.9905834794
2017,166,42964,646147.0590613484
2017,88,36362,784142.9636805058
2017,74,31648,417602.2803462148
2017,41,29904,398265.6604554057
2017,24,25383,356179.39000469446
2017,224,23300,326945.519903183
2017,45,22029,374827.9278871417
2017,4,21418,318237.98920333385
2017,209,19803,376229.05756372213
2017,232,17924,304670.6284160614
2017,7,15126,210776.33967906237
2017,226,14133,254082.45875233412
2017,42,13635,179851.22038447857
2017,65,13556,245684.1585789919
2017,255,11773,195180.79889947176
2017,145,11058,199129.4390886426
2017,33,10650,202136.47866123915
2017,25,9969,164916.92927765846
2017,181,9959,161994.65952640772
2017,146,9946,150909.719604671
2017,116,9200,149034.96947562695
2017,97,8876,137865.50954669714
2017,256,8636,140550.08944112062
2017,152,8149,117536.53982794285
2017,244,7682,143405.37920844555
2017,40,5452,98080.57969385386
2017,52,5406,100185.26954376698
2017,179,5371,78562.30978316069
2017,12,5283,103564.77897912264
2017,129,5240,82863.90996038914
2017,260,5207,88798.39970135689
2017,223,5141,114833.63972210884
2017,112,4937,81982.20956933498
2017,66,4933,91536.47941434383
2017,265,4652,384891.1327434778
2017,80,4628,75693.73972678185
2017,193,4401,50988.969851732254
2017,49,3287,49077.85996848345
2017,82,2533,44592.67990243435
2017,93,2516,118502.2896937728
2017,10,2415,157240.31928741932
2017,189,2370,38097.93990534544
2017,37,2248,34596.09990054369
2017,17,2226,31970.739962518215
2017,168,1718,27448.67985534668
2017,61,1690,28284.09993645549
2017,106,1593,24161.419954657555
2017,243,1527,30334.269851744175
2017,247,1470,26990.67994403839
2017,70,1367,50506.01002770662
2017,95,1290,27242.610020697117
2017,36,1176,19778.96989327669
2017,83,1130,17669.129962444305
2017,188,1033,17308.25995373726
2017,195,891,23567.859927892685
2017,228,890,16031.749971628189
2017,225,874,13354.759979367256
2017,217,832,10795.630019426346
2017,130,782,39546.879853338
2017,216,776,43160.00990846753
2017,89,729,13290.619916975498
2017,215,718,46198.499808609486
2017,127,709,13861.189938783646
2017,196,706,18092.17996174097
2017,1,705,61176.71077865362
2017,28,647,30094.809899270535
2017,219,562,36442.35995924473
2017,92,552,12216.809995889664
2017,194,539,25224.589872181416
2017,134,496,17143.019905865192
2017,54,480,8822.43996834755
2017,190,456,7527.419971108437
2017,202,449,9539.44992685318
2017,157,427,16169.7798974514
2017,207,407,5924.319969713688
2017,159,404,6082.769989490509
2017,62,393,6451.029977858067
2017,14,380,10440.029981434345
2017,56,368,12211.440010786057
2017,133,362,6958.1499744057655
2017,69,345,6071.919971466064
2017,197,339,15381.059880435467
2017,257,322,6444.50998955965
2017,34,297,4433.990000247955
2017,76,292,9335.119988501072
2017,173,282,4351.130017995834
2017,198,258,4853.989984810352
2017,119,245,5114.499971866608
2017,26,210,3471.5800157785416
2017,85,196,3641.8499804139137
2017,177,178,3854.649982213974
2017,165,161,3395.4899876117706
2017,135,158,3265.9699940681458
2017,160,155,4430.469983935356
2017,220,145,2565.5700056552887
2017,91,142,3595.209988474846
2017,167,137,3458.7299918830395
2017,178,129,1854.5000061392784
2017,235,129,2110.5099960565567
2017,169,127,2430.259980916977
2017,22,124,3413.9700355529785
2017,39,122,2997.689974963665
2017,8,115,3978.1999802589417
2017,258,104,2535.0899940133095
2017,19,104,2336.3300045132637
2017,63,104,2822.8699813485146
2017,124,103,7000.699990987778
2017,227,99,1891.2600038051605
2017,71,98,2204.169995844364
2017,218,95,3275.2300057411194
2017,182,95,1554.1999975442886
2017,192,95,1974.509997844696
2017,212,90,1701.970003336668
2017,47,88,1699.090003490448
2017,18,87,1469.499996483326
2017,180,81,3334.4599936008453
2017,78,79,1606.5499925613403
2017,136,78,1744.149983406067
2017,35,78,1608.8399901390076
2017,213,78,2759.370004236698
2017,72,77,1574.8299841880798
2017,121,74,1599.3299971222878
2017,241,74,1576.7499985694885
2017,126,74,1538.95999366045
2017,242,73,1203.7400060296059
2017,153,72,880.1099953651428
2017,254,71,1413.6799976825714
2017,250,69,1222.4199979305267
2017,174,68,1634.3200109004974
2017,123,67,1294.3200097084045
2017,248,66,1289.0399913787842
2017,53,66,1802.1599826812744
2017,11,66,2204.709979891777
2017,200,66,2015.379989862442
2017,21,64,1866.6399986743927
2017,31,63,1978.059995174408
2017,67,62,1324.7199884057045
2017,191,61,1336.4599957466125
2017,149,60,1385.1799893379211
2017,171,60,1451.4799935817719
2017,131,59,1200.7399895191193
2017,29,58,2711.780001461506
2017,51,57,1689.5300060510635
2017,57,56,1421.709993839264
2017,98,55,1461.0000021457672
2017,102,54,1137.599990606308
2017,77,53,1442.1600024700165
2017,128,52,920.7799925804138
2017,60,52,844.339997112751
2017,147,51,724.8399934768677
2017,94,51,1019.3999865055084
2017,64,50,1826.1599971055984
2017,20,50,953.8000013828278
2017,81,49,1118.4099915027618
2017,120,47,1367.5100045204163
2017,208,47,1708.9299688339233
2017,203,46,1909.6399906873703
2017,155,46,1657.1800055503845
2017,185,44,1060.3799958229065
2017,55,41,1573.7999901771545
2017,16,41,1182.3399934768677
2017,96,41,806.8399963378906
2017,210,40,1043.3699972629547
2017,150,40,1496.450001001358
2017,252,39,2222.2399848103523
2017,101,39,1380.4299890995026
2017,205,36,779.9299953579903
2017,175,33,757.7199997901917
2017,108,33,2299.7400135993958
2017,259,32,1123.9100103378296
2017,139,31,1082.7000064849854
2017,253,31,1458.829994916916
2017,3,30,801.009991645813
2017,38,27,1193.4600009918213
2017,117,27,4189.569984614849
2017,32,26,554.5499970912933
2017,240,26,686.5400061607361
2017,222,24,1233.949987232685
2017,6,22,432.41000056266785
2017,23,22,887.1600148677826
2017,15,21,798.3799889683723
2017,86,20,3323.860040962696
2017,9,18,414.35999727249146
2017,111,15,171.5499973297119
2017,122,14,279.26999497413635
2017,154,14,1424.4300050735474
2017,73,14,297.280002117157
2017,105,13,227.8899965286255
2017,183,12,366.5699996948242
2017,221,10,467.220006942749
2017,2,7,330.0199966430664
2017,187,7,89.23000049591064
2017,206,6,136.38999611139297
2017,176,6,424.85000190138817
2017,46,6,199.45999717712402
2017,115,5,202.6600051522255
2017,201,5,221.56999588012695
2017,118,5,28.000000476837158
2017,58,5,71.7599983215332
2017,30,4,451.3599853515625
2017,172,4,55.69999885559082
2017,251,3,234.09000396728516
2017,184,3,155.40000247955322
2017,199,3,78.51999855041504
2017,214,2,136.1500015258789
2017,27,2,80.91999816894531
2017,156,2,142.0
2017,59,2,13.100000381469727
2017,204,2,94.1000030040741
2017,245,2,40.59999942779541
2017,5,2,224.8000030517578
2017,110,1,28.299999237060547
2017,84,1,81.80000305175781
2017,109,1,79.30000305175781
2018,237,333893,4075996.788772583
2018,236,307303,3854254.405115366
2018,186,275324,4228867.704957604
2018,161,270984,4204127.512759864
2018,162,269037,4078298.4717021883
2018,230,259375,4422734.980467081
2018,48,255251,3755194.8984894156
2018,170,253107,3792791.5205594897
2018,234,247650,3512533.529222846
2018,142,233551,3212024.5825591385
2018,79,229136,3261416.875210166
2018,138,226213,9605987.10869807
2018,132,220249,12507041.536043167
2018,239,205896,2696305.282883048
2018,163,197987,3118424.609535873
2018,107,192006,2700048.969667509
2018,68,191970,2890438.907612622
2018,164,189496,2884493.560556054
2018,141,188890,2363231.042410195
2018,249,164199,2316036.318459362
2018,100,162864,2449416.650633335
2018,238,158474,2097487.75144282
2018,229,151056,2043014.1614059806
2018,231,149637,2505965.6102882326
2018,90,149055,2055027.1907827854
2018,263,148536,1904327.2507494688
2018,140,136508,1935106.2979317904
2018,113,124648,1728687.3295056224
2018,148,122254,1960724.5618153512
2018,43,119741,1680521.4698216915
2018,246,116347,1769055.2071645856
2018,114,110241,1608440.1071765423
2018,264,106131,1890133.901207298
2018,233,101680,1609879.9498316646
2018,137,98823,1391181.7795826197
2018,143,92974,1242337.9303637147
2018,262,92449,1237410.6702314615
2018,144,87101,1351398.8049857318
2018,158,80302,1236498.0484834611
2018,50,77094,1152151.7590811849
2018,13,74303,1491245.8509956002
2018,151,71232,964713.3801032305
2018,211,66673,1023274.8672417402
2018,87,65802,1381477.2510380745
2018,75,57928,771145.4605949521
2018,125,51491,802476.2388381958
2018,261,50785,1041464.7025443316
2018,166,42826,642600.7892059088
2018,74,32859,440806.34042814374
2018,88,32356,724254.0145455003
2018,41,31082,417731.10032084584
2018,24,24006,343488.39004296064
2018,45,19774,345456.75793772936
2018,209,19558,386718.4074804187
2018,224,16774,242811.1298725009
2018,4,16187,248070.07939094305
2018,232,14243,256592.50874483585
2018,42,13735,194462.78024595976
2018,7,12675,169821.9998200331
2018,226,12040,230555.7988498807
2018,65,11514,219300.32873666286
2018,145,10248,199877.5694345832
2018,33,9622,184324.54890716076
2018,116,9208,146288.00960373878
2018,25,8858,154802.34932082891
2018,255,8305,138909.88920480013
2018,244,7981,152204.32923555374
2018,152,7963,115040.90980124474
2018,146,7726,114268.25980013609
2018,97,7492,121944.69955849648
2018,181,7448,123562.23960387707
2018,256,6342,105887.41946941614
2018,66,5450,106661.11930191517
2018,52,4999,89856.01963144541
2018,193,4558,52090.06980368495
2018,260,4460,81028.08976507187
2018,129,4407,74416.55996984243
2018,40,4337,76243.3697772026
2018,179,4285,65217.7597720623
2018,265,4201,344181.64136081934
2018,12,3790,79258.07904696465
2018,223,3664,89538.90976983309
2018,80,3514,64926.38971865177
2018,112,3371,55968.3497146368
2018,10,2933,179517.82879012823
2018,49,2382,41110.229907393456
2018,82,2300,50948.59018367529
2018,93,2099,98074.20977658033
2018,61,2016,42997.30978310108
2018,189,1793,30608.989900410175
2018,168,1685,31387.199913561344
2018,243,1673,36301.27979493141
2018,37,1626,31734.999879181385
2018,17,1575,27203.529930472374
2018,95,1391,36905.31009155512
2018,70,1344,43811.46003192663
2018,216,1302,69398.32968980074
2018,106,1288,22588.629956960678
2018,188,1278,26915.959873735905
2018,130,1227,58327.59971165657
2018,247,1219,23503.72994661331
2018,89,1195,32740.50989985466
2018,225,1081,24908.569899320602
2018,76,1007,33730.659808695316
2018,36,968,19582.339930593967
2018,83,909,14379.249972105026
2018,215,902,53649.72968149185
2018,219,886,54908.689760804176
2018,228,842,21715.92994695902
2018,28,794,35450.20992988348
2018,195,793,23593.619921028614
2018,14,760,23969.029975175858
2018,127,744,14990.539940655231
2018,196,694,21660.96001547575
2018,1,669,60707.60093641281
2018,217,667,10267.399972736835
2018,39,655,24280.309793531895
2018,62,627,14428.789927244186
2018,69,587,14094.809951841831
2018,35,582,17756.839846611023
2018,159,557,10368.479985058308
2018,134,547,21126.49990463257
2018,197,541,22373.119938969612
2018,194,533,24725.13983440399
2018,92,501,14465.650013446808
2018,207,494,6026.80996632576
2018,26,472,14048.199949622154
2018,91,471,18170.0298640728
2018,157,469,19035.00991564989
2018,71,464,14101.069940447807
2018,133,456,9929.129994153976
2018,72,452,14148.85993218422
2018,56,440,16627.41998845339
2018,205,433,17597.719909906387
2018,218,427,16643.04991221428
2018,177,426,11972.619928181171
2018,213,421,13423.660010874271
2018,51,403,17142.019921541214
2018,190,384,7631.919983744621
2018,119,379,8873.389970958233
2018,235,379,10853.81995755434
2018,135,372,12970.700023412704
2018,220,361,9843.089975118637
2018,85,347,9593.659966468811
2018,54,346,6622.059978723526
2018,257,345,9803.259996950626
2018,173,326,5681.920035481453
2018,191,324,12711.339973032475
2018,254,322,11533.019945383072
2018,165,321,9242.389993011951
2018,22,310,10577.04000645876
2018,202,301,6609.879962921143
2018,198,300,7495.729957818985
2018,242,291,8410.739974975586
2018,21,289,10094.1799903512
2018,155,285,10699.079957067966
2018,182,283,9046.739995002747
2018,167,281,6929.539978265762
2018,210,267,10094.80992937088
2018,136,265,7867.429949581623
2018,222,262,9695.719931602478
2018,174,261,8326.099978685379
2018,123,252,6964.93998837471
2018,169,252,6269.869955778122
2018,258,252,9273.640001058578
2018,34,243,3956.8799884319305
2018,227,233,7430.080018043518
2018,47,231,6144.569992542267
2018,77,231,7463.759985208511
2018,212,230,5967.9799800515175
2018,203,226,10414.77988243103
2018,131,223,7522.339995920658
2018,18,215,5859.119983911514
2018,55,212,10096.419974088669
2018,124,210,9946.559959888458
2018,241,208,5304.579952955246
2018,121,204,6665.090001583099
2018,81,200,7513.179963111877
2018,139,193,8203.01991033554
2018,19,193,6492.050008118153
2018,63,187,6567.989979147911
2018,200,187,5742.439966440201
2018,16,184,5894.81001830101
2018,259,178,6517.159976065159
2018,32,176,6962.169979572296
2018,78,175,5085.440011262894
2018,153,173,4553.769973516464
2018,160,172,4878.519982814789
2018,147,172,5617.180016279221
2018,171,167,5965.59002828598
2018,248,164,3983.9199764728546
2018,38,164,7607.05996632576
2018,29,164,5828.58996295929
2018,126,161,4044.519982099533
2018,250,161,4366.549971342087
2018,208,157,6904.499997854233
2018,101,157,7294.149961352348
2018,149,150,4691.009994328022
2018,178,145,3711.919984817505
2018,180,140,5128.229986190796
2018,185,138,3885.2799818515778
2018,108,134,5521.019976854324
2018,67,132,3969.3099884986877
2018,102,131,3749.7399821281433
2018,60,127,3769.3500053286552
2018,11,125,4116.980014801025
2018,122,118,4417.409987449646
2018,98,117,3890.0700001716614
2018,53,112,4600.399978399277
2018,192,110,3130.269993543625
2018,3,108,3755.879987716675
2018,8,104,3362.5799930095673
2018,150,101,3243.059961915016
2018,252,98,3929.449998855591
2018,94,95,2400.639992415905
2018,9,94,2338.149998664856
2018,175,92,3400.0800156593323
2018,20,90,2634.419999718666
2018,64,84,3477.4699997901917
2018,15,82,3681.859983921051
2018,86,70,3667.7299823760986
2018,183,67,2624.559982419014
2018,128,61,1308.5200004577637
2018,117,54,3209.0499680042267
2018,240,51,2112.8899784088135
2018,253,50,1416.4000041484833
2018,6,45,1695.2600102424622
2018,96,41,771.1499922275543
2018,120,38,935.9599912166595
2018,57,37,1036.830002784729
2018,46,37,1532.0499820709229
2018,73,36,958.3600025177002
2018,31,34,975.960000038147
2018,221,32,2113.030005455017
2018,154,30,1522.590003490448
2018,201,26,1233.4999990463257
2018,5,21,1727.73996925354
2018,251,19,1010.1900055408478
2018,156,17,936.6899952888489
2018,206,17,1084.220004081726
2018,58,16,507.52999782562256
2018,214,15,739.3799934387207
2018,23,15,559.2600004673004
2018,118,14,926.9200019836426
2018,187,13,700.0300035476685
2018,172,13,611.6399974822998
2018,115,12,654.6700019836426
2018,27,12,537.2199983596802
2018,184,12,556.519998550415
2018,59,11,345.54999804496765
2018,111,10,219.71999835968018
2018,109,10,436.8600034713745
2018,105,9,182.1899974346161
2018,176,8,599.4699935913086
2018,245,8,240.24000483751297
2018,2,6,246.94000434875488
2018,30,6,163.95999717712402
2018,84,3,83.16000175476074
2018,99,3,144.91999912261963
2018,44,3,185.9000060558319
2018,110,2,22.600000381469727
2018,204,2,274.92000579833984
2018,199,1,4.800000190734863
2019,237,284753,4328323.244423866
2019,236,260564,4033842.0406267345
2019,161,244215,4585883.277435243
2019,132,241449,13220545.352896452
2019,186,241444,4485192.513004243
2019,162,227027,4124165.6319803596
2019,230,218476,4427259.983232498
2019,48,205609,3674613.0524018407
2019,170,199881,3612318.930472702
2019,234,197917,3356058.477558255
2019,142,192227,3199112.240505278
2019,239,168127,2691138.4121187925
2019,79,166924,2853252.516469717
2019,68,166327,2990086.81458506
2019,163,163770,3085509.617007315
2019,138,163092,7251925.005931437
2019,164,151495,2767475.206004381
2019,141,147995,2299583.934231758
2019,107,144631,2460856.6701396704
2019,100,133744,2410406.8074581623
2019,249,129782,2189393.292383164
2019,238,128240,2030097.913588345
2019,229,120058,1961783.7740402818
2019,263,117979,1855076.8337052464
2019,90,117519,1934164.6339151263
2019,246,117131,2117373.3576900363
2019,231,115991,2302404.495762229
2019,140,113780,1960428.9797800183
2019,43,105141,1783882.6427429318
2019,113,99949,1683398.1240935326
2019,114,86892,1492900.353454113
2019,148,85536,1603058.9896832705
2019,233,82369,1571744.0104666948
2019,262,79271,1313409.0340920687
2019,143,76320,1220220.016437471
2019,158,72547,1335219.4726473093
2019,137,72528,1231244.1540118456
2019,144,69699,1269814.9618490934
2019,13,60078,1424020.4083172083
2019,50,59036,1067495.8642033339
2019,151,56502,859459.7573430538
2019,211,55228,992357.6850563884
2019,264,52953,1198666.1563169155
2019,87,48952,1187753.5097117424
2019,75,47169,727782.6972887516
2019,261,41565,1002299.7302974463
2019,125,38285,699206.4475143552
2019,166,33599,554489.7375665307
2019,88,25249,643560.454020977
2019,74,24665,370438.77888667583
2019,41,23404,334992.16936707497
2019,24,18863,301873.1987825036
2019,209,15401,357832.60709655285
2019,45,13290,278003.65784162283
2019,224,12133,213131.67891597748
2019,4,10490,190408.82894670963
2019,42,10386,156039.9897571802
2019,145,9071,215122.8965370655
2019,226,9030,229627.12739003636
2019,232,8717,182761.37890046835
2019,7,8332,124186.34960120916
2019,65,7873,168256.29896360636
2019,33,7360,155677.17885440588
2019,116,6945,117978.81941819191
2019,244,6546,128090.47917252779
2019,152,5871,89006.48972192407
2019,25,5657,105771.19950151443
2019,146,5496,95260.88945049047
2019,193,5327,71965.00015434623
2019,255,5202,100670.88918375969
2019,97,5127,93667.56944280863
2019,181,4707,85656.96972382069
2019,66,3999,88210.80928474665
2019,256,3851,76540.40944057703
2019,265,3717,321126.83203537203
2019,223,3498,120559.41851711273
2019,129,3403,65782.729875803
2019,93,3305,197494.40600800514
2019,52,3265,62954.36978727579
2019,260,3181,69028.16919857264
2019,179,3114,49499.29977560043
2019,12,3080,73293.20912146568
2019,40,2727,51599.709743738174
2019,10,2673,175552.99731433392
2019,80,2352,51177.21969079971
2019,82,2044,67054.48904895782
2019,112,1964,36730.14975494146
2019,61,1822,45790.93971800804
2019,168,1560,30386.429814219475
2019,130,1468,80323.0186649561
2019,76,1467,45813.909925341606
2019,49,1466,29384.489861786366
2019,188,1247,29137.029777526855
2019,89,1222,33199.649841308594
2019,17,1196,24932.689870893955
2019,216,1172,65830.509539783
2019,37,1164,26311.35987329483
2019,215,1141,65836.94887948036
2019,243,1138,25960.44987154007
2019,95,1129,32089.08977520466
2019,189,1042,19768.3398771286
2019,28,1028,55933.29895567894
2019,225,998,24384.619878172874
2019,247,943,19632.89989244938
2019,39,849,27186.599905073643
2019,1,797,76867.41090619564
2019,70,795,25282.68987697363
2019,56,792,41022.0192399621
2019,196,746,27770.779564023018
2019,195,744,27578.229741692543
2019,219,736,43855.01952534914
2019,106,727,13832.819929897785
2019,35,723,21229.169880390167
2019,157,702,35560.019351005554
2019,228,673,19294.999903321266
2019,14,665,22853.169862806797
2019,197,661,27379.86980009079
2019,127,655,15216.829895019531
2019,69,634,15778.309940576553
2019,36,619,13785.559948682785
2019,83,608,15929.2598990798
2019,72,595,17147.019912838936
2019,71,587,17437.429881095886
2019,91,586,17993.1700001359
2019,134,568,24465.93971413374
2019,159,559,11998.169917881489
2019,213,545,18725.75001871586
2019,51,543,20809.46991789341
2019,205,537,21445.809957385063
2019,62,531,12961.49988913536
2019,194,529,28950.629420757294
2019,165,510,14354.539970636368
2019,177,509,15417.929888248444
2019,26,496,13209.829915165901
2019,92,493,15749.549854516983
2019,207,490,5388.319963693619
2019,217,465,9156.679972231388
2019,218,438,15261.669946193695
2019,85,419,12318.059947013855
2019,135,402,15397.519901633263
2019,155,396,13198.519952356815
2019,210,394,12657.640043973923
2019,235,389,11762.069963932037
2019,133,385,9000.519975721836
2019,222,380,12842.8399579525
2019,242,366,9767.219913065434
2019,254,363,12283.229949772358
2019,119,357,10448.589948892593
2019,191,341,14264.32993632555
2019,220,321,10892.029891312122
2019,55,319,12701.98997527361
2019,77,310,8959.739985227585
2019,182,306,9977.159971475601
2019,167,296,7322.399948835373
2019,198,295,7814.749952793121
2019,203,295,12571.389945805073
2019,136,287,9133.929913520813
2019,169,286,8939.129940152168
2019,121,284,8661.10992127657
2019,257,282,8471.669897794724
2019,123,282,7578.20996594429
2019,63,281,9719.849976062775
2019,202,279,7732.499930918217
2019,149,275,8382.379957914352
2019,22,273,8712.690005779266
2019,190,257,5241.679960012436
2019,139,257,10179.299985170364
2019,171,257,9629.339882612228
2019,173,253,5536.289949417114
2019,131,250,9027.039918422699
2019,21,245,6893.329968333244
2019,124,245,10743.149964630604
2019,78,244,7361.579982757568
2019,47,241,6767.079955816269
2019,250,234,7771.9899797439575
2019,54,229,4858.359962999821
2019,241,228,7296.339928865433
2019,174,228,6631.0799480080605
2019,227,225,6461.309971868992
2019,185,224,5867.659974575043
2019,258,222,6821.1799602508545
2019,81,220,8354.459938049316
2019,200,212,7667.089945614338
2019,160,205,6492.119964361191
2019,29,204,7643.279987454414
2019,38,203,8396.69995188713
2019,32,200,6447.549947500229
2019,212,194,4744.809983491898
2019,208,194,8419.909994840622
2019,3,192,6815.629976272583
2019,101,190,7815.299987137318
2019,117,186,9570.299946308136
2019,248,186,6081.859977483749
2019,16,183,5564.199968636036
2019,147,180,6061.17991399765
2019,18,176,5949.009952306747
2019,86,168,9057.06990993023
2019,102,167,4735.5199501514435
2019,180,159,6296.349941492081
2019,259,159,6090.639952421188
2019,122,158,5888.790013551712
2019,34,154,2994.6599881649017
2019,60,147,4428.3799929618835
2019,108,147,4780.439983189106
2019,252,144,5116.819943189621
2019,67,139,4030.870001077652
2019,19,138,4655.769994258881
2019,150,134,4232.969996929169
2019,98,132,5509.319984912872
2019,20,131,3477.1499919891357
2019,53,131,4566.069959640503
2019,126,128,3779.429962873459
2019,15,125,4155.769987106323
2019,178,124,3076.4800000190735
2019,9,123,3117.2399764060974
2019,8,122,5822.7698764801025
2019,11,120,4924.259947299957
2019,192,117,3377.2299943566322
2019,153,111,2648.339986562729
2019,175,107,3712.1500067710876
2019,94,105,2870.5699840188026
2019,64,98,3562.520007610321
2019,183,92,3320.189975321293
2019,23,61,4419.360100984573
2019,73,59,1797.64998793602
2019,128,53,1494.07998585701
2019,96,50,2030.829999268055
2019,154,43,2406.239985525608
2019,118,41,3372.1000804901123
2019,201,40,1853.320011138916
2019,31,37,1076.1499898433685
2019,46,37,1461.7200031280518
2019,240,36,1078.1799898147583
2019,44,36,1582.6499915122986
2019,253,34,1412.9999964237213
2019,120,31,1225.9099905490875
2019,57,25,474.6599977016449
2019,5,25,2231.1000442504883
2019,214,22,1455.6500101089478
2019,184,15,767.3400001525879
2019,58,15,459.81999492645264
2019,111,14,302.89999747276306
2019,105,12,233.229998588562
2019,27,11,460.47999745607376
2019,59,10,419.07999420166016
2019,6,10,625.410005569458
2019,206,10,729.180004119873
2019,156,10,1309.529993057251
2019,115,9,797.1800050735474
2019,109,9,533.6800036430359
2019,221,7,305.4399995803833
2019,199,7,132.93999862670898
2019,172,6,319.3700075149536
2019,30,6,248.04000091552734
2019,245,4,88.8400011062622
2019,84,4,425.05999755859375
2019,251,3,518.8400087356567
2019,2,2,101.0999984741211
2019,187,2,133.5
2019,99,1,36.79999923706055
2019,204,1,76.0
2020,237,68599,983700.3499621153
2020,236,65554,978706.7186610699
2020,186,48602,808736.0066921711
2020,141,44183,659292.8990263343
2020,170,43346,696733.938234508
2020,239,42504,640802.6990847588
2020,161,41655,654523.348577261
2020,142,41650,642499.5889123678
2020,162,39626,606402.9590361118
2020,140,38827,676008.5468670726
2020,238,38415,592750.9884999394
2020,263,37758,575006.6083602309
2020,48,37390,585943.2883078456
2020,234,32864,519038.5686503649
2020,107,31871,507143.7787628174
2020,229,30848,452564.5397506356
2020,68,28021,464576.43839776516
2020,163,27045,421690.6491371989
2020,79,26898,443591.09823971987
2020,90,26667,413264.30949920416
2020,43,25673,393590.06929916143
2020,137,25299,436542.5981019139
2020,249,24750,399164.0189204216
2020,100,24435,395997.84850281477
2020,164,23236,368849.1588266492
2020,75,22444,346804.5890416503
2020,262,22176,344867.5988739729
2020,230,21013,338791.1787163615
2020,132,20740,1081801.9640105367
2020,151,20288,299485.4293435216
2020,143,18912,294619.04917907715
2020,233,18612,292095.8992973566
2020,113,18264,293251.0192092061
2020,138,15056,573099.1525811553
2020,231,13325,258778.7783946991
2020,74,11536,179685.4299083352
2020,114,11329,186833.2593460679
2020,265,11128,361807.8502281904
2020,246,10883,181110.98930507898
2020,41,10641,154418.70006030798
2020,166,10024,157286.72968888283
2020,50,9698,161902.31946206093
2020,264,8916,162994.2793450933
2020,144,7652,134289.14935141802
2020,148,7188,131840.91910350323
2020,24,6428,99499.77961826324
2020,211,6143,105704.68955898285
2020,87,6044,137210.6387515068
2020,42,6033,105581.55987340212
2020,158,5261,90888.8796248436
2020,13,4854,107763.17912244797
2020,125,4766,81091.47980070114
2020,261,4540,98209.81911849976
2020,88,3220,78024.2692246437
2020,116,3138,56341.309807538986
2020,244,2787,62140.30971556902
2020,224,2667,44930.22981381416
2020,209,2394,54137.57958269119
2020,226,2169,49085.249606370926
2020,152,2097,34176.159891188145
2020,70,2013,78231.5292339325
2020,7,1851,34023.08979898691
2020,232,1789,44282.51990520954
2020,145,1686,20168.459913253784
2020,76,1677,53353.660117685795
2020,193,1654,18342.469944357872
2020,45,1471,32964.15977668762
2020,61,1406,41499.26001483202
2020,97,1404,31738.17998456955
2020,146,1368,24151.059863626957
2020,4,1339,27701.97987085581
2020,65,1278,33445.46983075142
2020,181,1137,28742.720017910004
2020,25,1130,27559.879982233047
2020,188,1065,30290.71985387802
2020,33,1048,26073.95991230011
2020,35,1029,33281.140074789524
2020,168,959,23770.020000755787
2020,39,925,31815.749997913837
2020,225,910,28349.390021800995
2020,89,877,27656.339983701706
2020,17,816,22994.97000336647
2020,129,766,19110.53996038437
2020,247,727,16867.299979686737
2020,213,722,22982.689998686314
2020,159,701,17239.659995794296
2020,37,689,20651.25004506111
2020,179,659,13837.539951384068
2020,260,654,13743.889973819256
2020,91,654,21760.259994506836
2020,242,644,19115.679988384247
2020,72,636,20151.429962277412
2020,243,619,15656.119978427887
2020,254,594,22616.230035066605
2020,130,590,22791.489866554737
2020,69,587,16105.730026483536
2020,82,583,15708.829957306385
2020,95,582,17134.160035848618
2020,51,574,20970.769988059998
2020,71,561,17445.349940299988
2020,197,542,21149.880000591278
2020,223,539,15041.839909613132
2020,49,538,14025.189999878407
2020,228,533,19116.039987802505
2020,216,524,20721.169963359833
2020,10,519,22589.879884839058
2020,205,517,20869.13994383812
2020,256,516,14075.410028457642
2020,177,509,15969.21003639698
2020,235,506,15762.829974412918
2020,14,489,17657.679950475693
2020,26,487,14110.350062847137
2020,174,470,15000.920027852058
2020,62,460,13621.769967556
2020,77,456,15093.540011405945
2020,55,434,17270.280035555363
2020,215,428,18062.179955482483
2020,169,413,12560.789962053299
2020,218,408,15914.849991321564
2020,222,408,13049.930048942566
2020,92,392,13223.209974050522
2020,52,389,8266.729990959167
2020,167,387,10652.109977960587
2020,155,387,13042.510005950928
2020,47,382,11337.159976482391
2020,78,381,11857.18998348713
2020,165,379,11977.930062294006
2020,182,373,12676.339967429638
2020,119,367,11460.870013922453
2020,210,367,13164.780082702637
2020,80,365,10061.820067226887
2020,136,345,13305.579941511154
2020,185,343,9971.109972953796
2020,219,334,16767.67991065979
2020,220,331,10884.539953231812
2020,123,323,9689.640003204346
2020,18,317,10994.369989395142
2020,36,314,9446.000019073486
2020,196,310,9199.360004901886
2020,112,310,7127.639983654022
2020,127,306,8444.059992790222
2020,40,304,6169.409980773926
2020,63,297,10089.05004119873
2020,22,295,9570.269996404648
2020,208,294,10433.300056219101
2020,32,291,10903.4599609375
2020,66,290,7643.889957666397
2020,85,288,8355.819954395294
2020,248,278,11781.619890511036
2020,250,278,9846.590031385422
2020,189,277,7241.969991207123
2020,106,276,7578.580034554005
2020,212,275,8962.920009374619
2020,12,273,6042.5199392437935
2020,117,268,14853.199940681458
2020,255,265,6066.579988956451
2020,121,262,9442.049982070923
2020,56,253,8271.529990434647
2020,259,253,9545.029989540577
2020,81,253,9768.040028095245
2020,241,245,8419.359989881516
2020,133,244,6608.650006532669
2020,195,238,7956.589982509613
2020,203,236,9979.559972763062
2020,135,228,9603.559964895248
2020,29,223,8512.699996948242
2020,139,218,8551.019966125488
2020,227,216,6908.540011167526
2020,191,208,9375.759981870651
2020,147,208,7194.58998465538
2020,217,208,5456.350016713142
2020,131,207,6905.270005226135
2020,108,207,7190.3199717998505
2020,3,204,6927.399996995926
2020,60,201,6483.87997508049
2020,149,200,6134.870000600815
2020,198,200,6412.539989292622
2020,28,198,7833.399903059006
2020,126,198,6752.560034275055
2020,134,195,6248.589999437332
2020,83,193,7693.36005294323
2020,20,191,5398.3199915885925
2020,94,184,5834.719991207123
2020,21,183,6129.599995613098
2020,171,174,8304.350088834763
2020,258,174,6009.260014533997
2020,86,171,8934.590000629425
2020,183,161,6143.239921331406
2020,9,156,5149.799963951111
2020,207,155,2109.340005874634
2020,200,150,7796.159930467606
2020,157,149,4698.3099756240845
2020,102,144,4249.569971084595
2020,38,138,6555.339932441711
2020,16,136,4610.880019187927
2020,124,136,4962.440013885498
2020,64,129,5702.429934978485
2020,257,128,4206.46001625061
2020,44,124,11728.310124635696
2020,122,124,5046.399999380112
2020,202,120,3641.399959087372
2020,101,118,6040.549910783768
2020,160,118,3775.039978504181
2020,173,117,3849.249994277954
2020,67,114,4006.610016644001
2020,192,108,3543.8599965572357
2020,11,108,3319.8399834632874
2020,19,107,7291.829918861389
2020,93,105,5822.1999344825745
2020,34,103,4579.579996109009
2020,15,99,3673.12001401186
2020,153,98,2887.6399850845337
2020,252,97,3236.819990158081
2020,53,91,3732.5299882888794
2020,150,87,2945.0100078582764
2020,194,72,2708.489965736866
2020,98,71,2662.229978322983
2020,190,70,1840.7600030899048
2020,201,67,3242.3299922943115
2020,178,65,1812.0499980449677
2020,180,63,2170.639991760254
2020,54,54,1204.830005645752
2020,240,51,2018.7399978637695
2020,73,49,1491.3899869918823
2020,46,46,1961.2399997711182
2020,175,46,1850.9000129699707
2020,1,45,3670.3300638198853
2020,128,42,1587.1699743270874
2020,23,38,2997.310070991516
2020,57,37,1132.6499955654144
2020,31,33,1178.9599990844727
2020,59,21,709.7799949645996
2020,27,21,1742.8800020217896
2020,184,18,747.6599994301796
2020,96,18,609.5799970626831
2020,120,15,584.4299972057343
2020,156,15,938.9800043106079
2020,253,13,939.3100204467773
2020,154,11,498.7900047302246
2020,8,11,215.8899965286255
2020,118,11,266.01000595092773
2020,58,10,308.86000061035156
2020,115,9,803.5799903869629
2020,5,9,754.950023651123
2020,221,8,582.050012588501
2020,99,7,516.3500137329102
2020,6,7,134.30000114440918
2020,214,6,114.99999904632568
2020,176,4,186.49999690055847
2020,204,4,433.2300033569336
2020,251,3,209.13999938964844
2020,109,3,75.55999946594238
2020,105,3,66.91999816894531
2020,111,3,135.71999740600586
2020,206,3,239.8000030517578
2020,2,2,103.79000091552734
2020,187,1,3.299999952316284
2020,30,1,42.83000183105469
2020,245,1,83.5
2021,237,143709,2245326.536034286
2021,236,129246,2118977.833883822
2021,132,112316,6560993.835735321
2021,161,98640,1696374.5045315623
2021,186,96520,1735365.082039833
2021,142,93777,1588095.5953190923
2021,170,90929,1595720.4144488573
2021,162,90422,1552920.4355509877
2021,48,87258,1570205.9837628603
2021,239,85001,1451158.7057724
2021,141,82195,2176365.2754974365
2021,79,81984,1498297.4529439807
2021,234,80880,1386223.4753716588
2021,163,76766,1355831.845870018
2021,230,74172,1454751.4936788082
2021,68,73669,1361550.1237523556
2021,107,72899,1268561.2652417421
2021,138,72644,3226767.776483178
2021,238,66864,1153737.355813086
2021,263,66439,1141769.6953055263
2021,249,65121,1162488.7055121064
2021,229,63815,1051311.847032845
2021,140,61244,1111731.8841286898
2021,164,60379,1076626.426044345
2021,90,56462,965952.4771388173
2021,43,50994,871336.6170980334
2021,100,47206,829132.9066093564
2021,231,43856,899170.6845261455
2021,246,43453,792010.5659375191
2021,113,41802,740308.80750072
2021,137,40977,728231.6767961383
2021,262,39701,708664.4068172574
2021,143,38938,666632.72752285
2021,233,38151,682774.1473643184
2021,114,35135,636239.9472211599
2021,151,30551,522654.6581339836
2021,148,29616,605943.8763054609
2021,75,25984,454257.3580625653
2021,144,24938,484085.5370270014
2021,50,23914,434511.24817955494
2021,264,21912,601094.4170308486
2021,211,21672,409078.5577043295
2021,158,21437,410310.28787720203
2021,166,18907,350872.2882064581
2021,13,18097,436944.72687882185
2021,87,17796,427746.54652804136
2021,125,16730,322008.218788445
2021,265,13781,763199.7112981975
2021,261,13553,318243.1773144603
2021,74,12816,226402.23920458555
2021,41,11618,199887.219497025
2021,24,10834,195338.97906327248
2021,88,8081,198276.61824804544
2021,70,7076,313877.2869117856
2021,209,5568,133997.09911346436
2021,232,5434,126105.39925533533
2021,42,5079,99257.18991219997
2021,224,4925,95916.15955644846
2021,4,4225,92709.63953876495
2021,45,3859,88663.06949460506
2021,116,3837,79655.66969573498
2021,244,3696,89476.69952374697
2021,145,3362,61524.649850428104
2021,226,2971,72917.30935132504
2021,7,2833,56155.219565689564
2021,152,2819,51495.569710075855
2021,193,2784,22998.829833447933
2021,65,2445,63384.60966181755
2021,146,2317,45729.29965788126
2021,33,2102,57193.70974355936
2021,255,1874,48975.45981884003
2021,97,1763,43179.149772167206
2021,256,1750,45583.51985681057
2021,25,1653,45193.699867486954
2021,181,1436,39523.41988301277
2021,129,1117,29659.799865424633
2021,12,1095,25636.729763269424
2021,80,1072,32867.97999501228
2021,61,1017,34445.230023145676
2021,260,963,24507.40992242098
2021,66,955,25172.06981611252
2021,112,948,25250.80990487337
2021,223,945,32806.90989947319
2021,179,910,19191.09988474846
2021,52,879,22255.169892549515
2021,10,874,52249.5498714447
2021,93,835,43807.22986590862
2021,168,735,19481.31995278597
2021,243,730,21895.81993174553
2021,37,700,22931.98997721076
2021,49,697,20470.76992726326
2021,17,673,22179.439954280853
2021,188,643,23663.869945824146
2021,40,640,17272.919915676117
2021,76,631,26175.760089874268
2021,82,593,17725.539961636066
2021,225,577,19814.36000728607
2021,95,569,20039.179948925972
2021,247,558,14516.02992773056
2021,189,527,15081.249998092651
2021,130,521,23716.640024662018
2021,89,510,19911.369964122772
2021,216,496,24812.28009158373
2021,36,450,15313.809993505478
2021,39,419,17979.420001268387
2021,215,417,22915.869974195957
2021,228,389,15297.679988622665
2021,205,388,17786.639979362488
2021,35,382,15070.119951725006
2021,159,380,10865.689996957779
2021,197,355,15846.990029394627
2021,213,354,13899.270020246506
2021,51,344,15754.840016365051
2021,69,335,10818.869956493378
2021,92,333,12744.1399949193
2021,207,330,3848.2999668717384
2021,242,325,13140.279936790466
2021,219,322,18855.119950592518
2021,127,320,10368.76002907753
2021,72,313,10750.43001961708
2021,1,304,28310.990330129862
2021,91,295,12673.30003219843
2021,218,294,12925.710010528564
2021,106,279,7878.969995260239
2021,55,279,14527.950061321259
2021,14,274,13054.760008633137
2021,254,268,11908.41002702713
2021,62,262,9146.049978971481
2021,47,256,9643.990034639835
2021,235,253,9656.620001614094
2021,56,248,10290.239993870258
2021,119,245,9126.560001373291
2021,169,241,8317.059979915619
2021,210,240,11701.950073719025
2021,134,239,12041.16005730629
2021,196,234,8373.049998044968
2021,182,233,9126.279976606369
2021,157,230,8816.709972858429
2021,167,225,7004.170002698898
2021,195,223,8039.959989845753
2021,174,220,9254.109979867935
2021,177,219,8556.62998175621
2021,136,219,9715.27995800972
2021,28,218,9110.13000702858
2021,71,218,8443.059979200363
2021,117,215,12476.03998041153
2021,220,207,7710.309970140457
2021,83,206,5098.70996594429
2021,86,205,11662.589944839478
2021,194,202,8705.579970657825
2021,78,201,7854.509972333908
2021,222,199,8478.11003780365
2021,191,195,9104.40995502472
2021,198,190,6945.829991579056
2021,139,186,8330.959952354431
2021,131,184,7238.289997816086
2021,165,182,7048.6599934101105
2021,135,180,7471.629922389984
2021,77,176,7357.590016126633
2021,26,165,6019.439991474152
2021,241,165,6807.049987792969
2021,81,165,8680.420099973679
2021,202,159,6250.929939985275
2021,85,159,6332.969975233078
2021,121,158,6109.8399612903595
2021,149,157,8086.539958000183
2021,18,156,6569.399988412857
2021,147,156,5882.969962120056
2021,217,153,4060.239999294281
2021,155,151,7274.500012397766
2021,248,150,6890.5299525260925
2021,22,147,6387.049990653992
2021,20,145,5582.0099992752075
2021,185,144,5031.549988746643
2021,32,138,5697.559996843338
2021,44,136,15143.100225448608
2021,250,128,4906.99999499321
2021,171,128,4704.749985277653
2021,212,127,4999.04000544548
2021,133,124,4473.429988145828
2021,38,124,6056.669912099838
2021,173,124,4001.0899870991707
2021,29,122,7796.660009145737
2021,259,121,6329.189971923828
2021,16,117,4783.840028524399
2021,64,116,6974.470030784607
2021,123,114,4604.9199922680855
2021,190,113,3623.3199830055237
2021,258,112,4568.620003938675
2021,208,111,5053.249989271164
2021,101,110,5316.450044631958
2021,257,109,4171.079991817474
2021,60,109,4184.13001203537
2021,203,109,5221.109978437424
2021,200,109,6092.560015201569
2021,63,108,4587.970011293888
2021,126,104,3795.050010204315
2021,124,102,4443.9000124931335
2021,23,101,7451.749983549118
2021,183,101,4654.62996006012
2021,227,98,3849.6899707317352
2021,3,94,3645.939975500107
2021,19,94,4090.790021121502
2021,94,93,3496.1099994182587
2021,54,91,2582.71000957489
2021,21,86,3559.3899953365326
2021,9,85,3724.99001789093
2021,102,84,3111.87997674942
2021,108,84,3770.46000957489
2021,122,81,3461.78999209404
2021,53,77,3543.4299926757812
2021,160,76,2876.410007238388
2021,192,74,2928.569986343384
2021,153,72,2673.22998714447
2021,34,69,1973.5099971294403
2021,15,64,2806.070003271103
2021,252,60,2841.339987754822
2021,67,56,2455.850005865097
2021,98,55,1906.1499950885773
2021,201,54,2817.0200057029724
2021,11,50,2615.3199882507324
2021,180,46,2041.3900022506714
2021,150,46,2389.1900119781494
2021,31,44,1814.9399936199188
2021,240,42,1880.2799971103668
2021,175,38,1821.4299945831299
2021,253,36,1849.1000039577484
2021,73,36,1445.7899980545044
2021,120,32,820.8100068569183
2021,57,31,1088.840000152588
2021,128,30,807.1199855804443
2021,178,30,1324.1100015640259
2021,115,28,1778.5000169277191
2021,8,22,996.2499923706055
2021,46,14,825.3400049209595
2021,118,12,829.8899936676025
2021,96,12,547.6800010204315
2021,221,12,552.2799966335297
2021,184,12,558.7500009536743
2021,154,11,494.26999378204346
2021,206,10,733.0700044631958
2021,6,9,351.26000022888184
2021,59,8,355.40999698638916
2021,187,7,460.9399995803833
2021,58,6,259.9000015258789
2021,156,6,480.5000047683716
2021,111,6,138.5999994277954
2021,204,5,214.04999995231628
2021,5,5,180.74999809265137
2021,84,4,518.5400161743164
2021,176,4,347.2900056838989
2021,172,4,213.2000026702881
2021,245,3,200.04000091552734
2021,214,3,92.05999851226807
2021,27,3,190.39999771118164
2021,109,2,80.14999866485596
2021,251,2,88.64999771118164
2021,30,2,101.86000061035156
2021,2,1,74.19999694824219
2021,99,1,108.3499984741211
2021,199,1,27.299999237060547
2022,132,172249,10328348.802115142
2022,237,145992,2349920.0746879578
2022,236,131588,2220323.5826808214
2022,161,117750,2311683.440544069
2022,186,103527,1994537.9887877703
2022,162,98382,1842019.0527457595
2022,142,97772,1729680.4542355537
2022,230,96899,2172302.769349277
2022,48,95786,1895126.2218115926
2022,170,94177,1799590.3827638626
2022,138,93183,4379188.75937283
2022,239,87220,1563723.0543469489
2022,163,85988,1663786.6440871954
2022,234,84288,1526110.8237953186
2022,68,82183,1637759.4411972165
2022,79,81965,1541986.6824260354
2022,141,77429,1305301.1854740381
2022,107,73560,1333321.2244747877
2022,164,71220,1392779.4641634822
2022,249,66074,1225323.3845415115
2022,238,65152,1165990.9355387688
2022,263,64126,1131047.655315876
2022,229,62861,1090323.416293025
2022,140,61465,1133308.5237167478
2022,90,53643,995611.6161908507
2022,246,52595,1026531.7836582065
2022,43,51850,935180.3858057857
2022,100,50831,992613.2052318454
2022,231,50089,1089821.0435427427
2022,264,45525,1452356.4824849274
2022,113,42309,786430.2967959046
2022,262,41687,777964.6664307714
2022,233,38987,953757.5222312808
2022,114,38593,724974.8862788677
2022,143,38342,683027.7673425674
2022,137,36130,653535.4270651937
2022,148,34968,735477.3154563904
2022,151,28600,505191.647896111
2022,144,26826,538550.9863715768
2022,158,25862,517952.5072082281
2022,50,25212,490260.0775909424
2022,211,24460,489646.3871703744
2022,87,22384,582661.1259304881
2022,13,20909,547145.9363742471
2022,75,20486,365836.63871741295
2022,166,17834,341879.0281305313
2022,261,17613,463370.0266776681
2022,125,17391,356020.80855983496
2022,70,12041,558222.5744446516
2022,24,9944,182361.50906395912
2022,88,9725,257455.9079170823
2022,41,9055,163622.8893097043
2022,74,8570,149381.53947591782
2022,209,7067,180375.22890156507
2022,45,4681,111135.62937813997
2022,232,4671,114817.4194073677
2022,224,4590,94412.96965962648
2022,4,4333,94029.26961612701
2022,145,3396,79712.64994493127
2022,42,3305,66700.65990018845
2022,116,2952,65541.60957813263
2022,193,2926,19094.779915452003
2022,226,2842,89038.85984167457
2022,152,2811,51652.209761440754
2022,65,2747,71112.66954776645
2022,244,2610,64504.57966309786
2022,265,2402,247179.8819873929
2022,33,2241,62686.22970935702
2022,7,1888,36706.07978874445
2022,146,1825,38209.45980107784
2022,255,1743,45960.73985743523
2022,25,1692,43794.33989262581
2022,97,1449,34989.47988277674
2022,12,1419,35296.44966369867
2022,66,1366,35884.659827142954
2022,256,1346,36685.54987132549
2022,10,1269,81399.23998004198
2022,181,1137,30847.119911670685
2022,93,1016,55822.20993286371
2022,1,961,100041.42113089561
2022,80,931,29779.010001420975
2022,52,896,21761.439903497696
2022,112,842,22489.049944758415
2022,223,821,34589.129956781864
2022,129,798,26205.18986070156
2022,260,742,24955.469892919064
2022,216,698,43564.89037287235
2022,61,678,21550.22999715805
2022,179,638,13137.78992253542
2022,40,579,16304.679918050766
2022,243,561,18777.379924178123
2022,49,519,15967.83998554945
2022,17,479,13854.089974403381
2022,215,470,28501.139992296696
2022,168,469,11888.919971168041
2022,82,458,16527.25991666317
2022,219,454,29515.320133388042
2022,130,450,22372.80999571085
2022,197,441,21756.240019857883
2022,95,439,13765.869981586933
2022,37,435,14106.719939529896
2022,188,381,12389.689970254898
2022,225,367,11536.680011034012
2022,76,364,12763.810010433197
2022,189,364,11158.819978237152
2022,247,362,10821.639934778214
2022,89,350,12545.359954118729
2022,207,343,4847.479983448982
2022,134,338,18459.440082132816
2022,36,323,10008.559980869293
2022,157,286,14457.390033245087
2022,28,280,12446.299980700016
2022,195,276,11191.249962091446
2022,39,274,11861.48009800911
2022,51,257,10458.469969272614
2022,196,245,10568.570051670074
2022,205,234,8940.609983921051
2022,194,230,11446.659985542297
2022,62,230,7197.139978170395
2022,14,228,9008.66999644041
2022,106,220,7208.329975128174
2022,218,219,7929.019996404648
2022,235,218,9883.80006480217
2022,213,205,6912.119972229004
2022,159,205,5619.119984388351
2022,228,204,7720.599988520145
2022,127,201,6203.479977607727
2022,92,191,6622.699964046478
2022,56,185,8531.10997825861
2022,69,185,4867.359966754913
2022,72,185,6047.740001440048
2022,91,185,6493.41001033783
2022,119,179,6541.79999423027
2022,254,174,7106.320006370544
2022,135,173,5171.160015583038
2022,83,173,5022.709981918335
2022,191,172,7285.609971046448
2022,177,168,5342.519986629486
2022,242,167,5126.5199728012085
2022,35,165,5565.829977273941
2022,55,159,14342.869921833277
2022,155,153,7003.3000955581665
2022,202,149,4820.5399914979935
2022,198,148,5556.8599553108215
2022,136,145,5581.290027618408
2022,220,145,4627.040011405945
2022,210,142,7006.420112133026
2022,117,132,7225.730005025864
2022,222,129,5559.570031642914
2022,22,127,4875.629969596863
2022,165,125,3950.9699816703796
2022,182,123,3736.6299743652344
2022,131,122,4398.4999895095825
2022,217,120,3550.4799695014954
2022,86,117,5860.290084123611
2022,241,116,4020.859988927841
2022,121,116,3609.6799745559692
2022,167,115,3412.679987490177
2022,78,115,3772.009991645813
2022,18,109,4216.699982643127
2022,203,104,5077.990023612976
2022,71,104,3676.7799897789955
2022,34,104,3023.7799985408783
2022,23,102,6017.779923260212
2022,174,101,3341.8099890351295
2022,26,100,3001.06999707222
2022,169,100,3208.4999980926514
2022,258,98,3491.6799998283386
2022,85,97,3419.160000562668
2022,250,96,2970.899981737137
2022,124,96,5738.940051078796
2022,139,91,3692.860001564026
2022,47,91,2657.8199923038483
2022,160,88,4283.140031337738
2022,133,88,2724.149999678135
2022,185,86,2368.5999908447266
2022,248,85,2608.8999894559383
2022,38,80,3612.6800087094307
2022,208,80,2447.0199966430664
2022,123,80,2497.2299879789352
2022,259,79,3135.749994277954
2022,29,78,3461.7499968111515
2022,108,77,3737.2500256299973
2022,77,74,2219.679985523224
2022,32,72,2677.2999897003174
2022,171,70,2418.1899881362915
2022,81,69,2511.200004339218
2022,102,69,2483.78999209404
2022,126,69,2324.8199944496155
2022,101,69,2658.1299867630005
2022,173,69,1807.1800022125244
2022,54,68,1908.5000140666962
2022,64,68,2943.499994277954
2022,19,67,2210.420000076294
2022,3,65,2151.809988975525
2022,63,64,2518.030004501343
2022,257,64,2292.3499948978424
2022,21,62,2301.009995996952
2022,190,62,1484.5899984836578
2022,200,60,2535.080002784729
2022,201,59,2501.2700169682503
2022,180,58,2659.890010714531
2022,16,56,1931.7499952316284
2022,11,54,2924.539983153343
2022,5,54,5209.02986907959
2022,212,54,1728.9099960327148
2022,227,54,1875.8799974918365
2022,67,53,2070.7299840450287
2022,94,53,1476.4999978542328
2022,60,52,1645.3699879646301
2022,149,51,2266.4099922180176
2022,20,51,1878.7399978637695
2022,192,49,1767.0799853801727
2022,122,49,1904.4299926757812
2022,252,47,2290.4899774193764
2022,154,42,1738.1200022697449
2022,9,40,1194.2600009441376
2022,183,39,1383.8899984359741
2022,150,39,1938.2299795150757
2022,147,38,1153.4199876785278
2022,53,38,1526.1599836349487
2022,153,38,1262.9199953079224
2022,98,38,1379.860000371933
2022,44,37,2609.380084991455
2022,30,35,183.78000229597092
2022,15,34,1116.0000009536743
2022,178,29,1430.2899862527847
2022,8,29,2046.9200010299683
2022,253,28,1226.6700115203857
2022,128,25,840.4999990463257
2022,120,25,996.7099996209145
2022,175,21,712.6199967861176
2022,6,19,349.25000190734863
2022,118,18,969.4699859619141
2022,57,17,758.0699889659882
2022,46,15,656.9800071716309
2022,96,13,503.93999576568604
2022,31,12,464.7199993133545
2022,73,11,282.29999828338623
2022,206,10,619.25
2022,240,10,285.7999973297119
2022,109,8,597.6999976634979
2022,221,6,316.4499996304512
2022,172,5,281.1799964904785
2022,58,5,181.05999755859375
2022,156,4,388.7900047302246
2022,184,4,324.97999572753906
2022,111,4,87.0699987411499
2022,187,3,121.64999771118164
2022,115,3,247.09000396728516
2022,214,2,217.3000030517578
2022,59,2,70.3499984741211
2022,176,2,143.8499984741211
2022,2,2,91.69999885559082
2022,245,2,212.9300079345703
2022,204,1,188.22000122070312
2022,105,1,9.960000038146973
2022,99,1,95.55999755859375
2022,84,1,99.55999755859375
2022,251,1,219.66000366210938
2023,132,159343,12450065.627669454
2023,237,133008,2830986.1757292747
2023,161,122410,3208611.3260338306
2023,236,118744,2567293.876204014
2023,138,100937,6884901.900994062
2023,162,98091,2453406.6568012238
2023,186,96260,2503798.8850233555
2023,230,90987,2733996.196856022
2023,142,88623,2020668.7379534245
2023,170,82128,2059807.636977205
2023,68,79789,2115718.5369775295
2023,163,77142,2013527.3076560497
2023,234,76658,1802245.857168436
2023,239,76525,1938638.9838696122
2023,48,73381,1833383.9282045364
2023,164,65268,1675598.8076484296
2023,141,64863,1396113.9082102776
2023,79,64778,1531229.2282590866
2023,249,64007,1654893.5815861225
2023,107,57791,1342148.5079433918
2023,238,54698,1235873.2486081123
2023,246,53730,1363517.3380189035
2023,140,53379,1257725.4680263996
2023,263,51161,1121247.4889130592
2023,229,50419,1148056.5785915945
2023,90,47610,1119265.5384725332
2023,100,45892,1195567.8284890652
2023,43,42540,1034609.1190536022
2023,231,41897,1167363.4888384342
2023,113,39028,922986.508472085
2023,114,38965,927850.8390786648
2023,262,37549,861687.688744545
2023,233,33972,891104.3287353516
2023,148,30463,796882.529500246
2023,143,30447,685612.349095583
2023,137,29157,678561.0390152931
2023,144,27236,694115.2492403984
2023,158,26419,683829.4094078541
2023,264,26356,740214.2294661086
2023,211,23075,585935.6494472027
2023,151,21927,485572.7693593502
2023,50,20255,513342.31938529015
2023,13,17955,600039.3294086456
2023,87,16891,563784.769179821
2023,75,16819,370777.64944148064
2023,261,16640,566198.4896304607
2023,125,16118,419181.43955016136
2023,166,13389,330298.44956207275
2023,70,12465,825741.2189164162
2023,88,8820,302250.5397658348
2023,74,6980,158378.30990958214
2023,24,6876,164858.84968543053
2023,41,6733,154218.4499425888
2023,209,6544,205578.53985881805
2023,45,4342,126649.07994937897
2023,232,3784,110289.97992062569
2023,224,3654,91827.04997444153
2023,4,3520,90758.21993541718
2023,145,2901,79441.48995184898
2023,265,2673,236309.84986364841
2023,42,2673,66537.82990884781
2023,93,2294,140869.42993545532
2023,65,2260,75035.82997918129
2023,193,2157,26539.440024614334
2023,116,2065,56454.65992641449
2023,226,1961,69313.29995274544
2023,152,1942,47750.55992102623
2023,244,1778,56311.9499591589
2023,33,1736,58542.19994854927
2023,7,1586,37674.34991621971
2023,255,1408,45085.930016994476
2023,146,1375,38040.91991138458
2023,25,1344,40736.43995141983
2023,12,1308,43771.819905757904
2023,97,1187,34818.69996857643
2023,256,1144,37130.500069618225
2023,181,1117,37267.96000099182
2023,66,1087,35046.039959192276
2023,80,942,33513.06000518799
2023,10,936,70225.54013252258
2023,61,894,32491.249995708466
2023,129,848,28503.579967021942
2023,112,757,25733.7700214386
2023,223,664,30470.510031461716
2023,52,656,21520.37999844551
2023,216,644,37885.429970264435
2023,260,612,19287.240000724792
2023,195,554,31443.859924793243
2023,49,548,18514.909985542297
2023,168,545,17508.689957857132
2023,130,539,25507.839941501617
2023,179,521,13526.449982404709
2023,188,521,18248.159976005554
2023,89,504,17661.78994655609
2023,243,481,18094.880000591278
2023,37,473,16067.499984502792
2023,76,473,17529.419939517975
2023,95,471,17071.1799659729
2023,215,463,28760.95997238159
2023,17,440,14383.449993133545
2023,225,421,14655.3299741745
2023,40,405,12981.399971961975
2023,189,395,13791.999977350235
2023,82,394,15183.229992389679
2023,39,373,15013.840026855469
2023,197,372,18110.329931259155
2023,219,346,25309.01002907753
2023,1,340,36371.95986890793
2023,247,330,12168.279958248138
2023,36,327,11443.489991426468
2023,51,309,12955.319926261902
2023,134,307,18849.9299492836
2023,62,304,10472.52000451088
2023,35,301,9642.689974546432
2023,205,293,11236.27993106842
2023,28,289,14545.51001405716
2023,72,283,9674.29999256134
2023,159,266,8043.839992284775
2023,207,265,3969.869969367981
2023,91,259,9222.399962425232
2023,228,256,11006.959970474243
2023,157,248,11271.260011672974
2023,69,239,7161.139970779419
2023,218,238,9065.95998096466
2023,14,233,9667.119997501373
2023,177,221,8077.809983253479
2023,254,220,7593.709961414337
2023,213,220,8647.839935302734
2023,71,215,6671.549994468689
2023,56,211,10125.789949417114
2023,92,208,7624.179981231689
2023,127,195,7835.500021457672
2023,55,195,9488.929986953735
2023,196,192,8798.47998380661
2023,106,186,6667.949991226196
2023,235,183,6875.94001865387
2023,78,182,5639.349980831146
2023,191,180,6521.649927139282
2023,242,180,5186.579983711243
2023,202,177,6805.789981842041
2023,119,173,6059.999999046326
2023,169,172,5613.6499853134155
2023,167,169,5098.639985084534
2023,121,165,5603.829963684082
2023,182,163,5301.419972419739
2023,198,153,5390.969978809357
2023,83,151,5014.489994525909
2023,85,151,5348.5799968242645
2023,18,147,5042.059975147247
2023,194,145,9056.409984350204
2023,222,142,5681.069999694824
2023,136,138,4690.619985580444
2023,135,136,4650.929963111877
2023,131,133,4553.719978809357
2023,86,132,6816.370044708252
2023,165,131,3797.679995059967
2023,220,131,4319.639986038208
2023,203,129,5136.469984054565
2023,133,128,5028.499979496002
2023,174,127,4801.629997253418
2023,117,123,6315.560002326965
2023,124,122,5818.500024795532
2023,185,121,3976.0299854278564
2023,248,116,4075.1399669647217
2023,250,114,3760.8499870300293
2023,139,113,4805.8999791145325
2023,47,111,3729.2899956703186
2023,22,110,4053.299967765808
2023,155,109,4412.7399797439575
2023,77,108,3472.9399909973145
2023,241,107,4107.399997711182
2023,208,102,3762.5899696350098
2023,217,101,3138.5699853897095
2023,38,96,4361.529993534088
2023,29,95,4156.019977092743
2023,258,93,3650.349967479706
2023,26,92,3339.159996986389
2023,210,92,4630.020010948181
2023,259,89,4119.139998078346
2023,81,88,3808.920003890991
2023,126,87,3004.639986515045
2023,123,87,3277.4899940490723
2023,212,84,2917.799984931946
2023,19,83,3081.4699878692627
2023,257,83,2969.989996433258
2023,54,82,2847.8399963378906
2023,200,80,3688.2299976348877
2023,122,79,2518.0999870300293
2023,190,77,2770.96000957489
2023,32,77,2878.2499856948853
2023,20,76,2641.449975967407
2023,60,76,2617.7299976348877
2023,102,75,2478.3699922561646
2023,160,74,3517.459987640381
2023,63,73,2973.1899766921997
2023,94,73,2399.329981803894
2023,227,72,3160.3799772262573
2023,173,70,2499.259988307953
2023,147,70,2488.679988861084
2023,171,70,2196.459984779358
2023,21,69,3068.1799808740616
2023,34,69,2165.509988307953
2023,3,67,2278.8099875450134
2023,180,64,2702.2199926376343
2023,149,64,2382.2499895095825
2023,154,57,2772.3500022888184
2023,192,54,2100.2799949645996
2023,108,54,2396.429988861084
2023,16,54,1947.179991722107
2023,67,53,1881.1199827194214
2023,98,50,1911.7699937820435
2023,53,48,2230.3699946403503
2023,9,47,1584.4399857521057
2023,175,46,1804.3599915504456
2023,183,44,1609.8099899291992
2023,153,44,1428.3099956512451
2023,150,43,2108.8499994277954
2023,252,41,1559.3999872207642
2023,178,38,1444.4099855422974
2023,201,38,1922.8299987316132
2023,101,37,1092.0599961280823
2023,11,29,1449.2100005149841
2023,73,27,852.1699953079224
2023,253,26,1988.2100067138672
2023,64,26,1419.3600058555603
2023,6,23,1102.5900025367737
2023,8,22,1371.580008506775
2023,15,22,1323.6299934387207
2023,128,18,757.3100047111511
2023,120,15,747.7800102233887
2023,57,15,626.1999969482422
2023,214,14,944.3100128173828
2023,118,13,648.389997959137
2023,206,12,791.4400024414062
2023,31,11,615.8699970245361
2023,23,10,504.86999797821045
2023,46,9,342.9000005722046
2023,240,9,444.86999893188477
2023,221,8,539.8599987030029
2023,96,8,530.6300010681152
2023,58,6,255.4899959564209
2023,30,6,314.49999618530273
2023,184,5,316.6599941253662
2023,59,5,244.70999908447266
2023,176,4,530.920000076294
2023,204,3,290.8399963378906
2023,111,3,213.03999710083008
2023,27,2,61.70000076293945
2023,251,2,318.11000061035156
2023,156,2,54.489999294281006
2023,2,2,150.4000015258789
2023,187,2,24.039999961853027
2023,105,1,81.13999938964844
2023,44,1,150.9600067138672
2023,199,1,41.63999938964844
2023,172,1,100.0
2023,109,1,62.810001373291016
2023,115,1,53.63999938964844
2024,132,188141,14490084.292811632
2024,237,166032,3454577.4950581975
2024,161,153985,3881291.6050591655
2024,236,149284,3138232.8454378825
2024,186,120391,3042493.294588862
2024,162,117163,2871679.2360444106
2024,230,113528,3278265.996472625
2024,138,111111,7551025.267423391
2024,142,107536,2413947.4374525193
2024,68,104583,2714167.476286778
2024,170,102004,2476640.396236548
2024,234,100518,2294560.8261376712
2024,239,94534,2073751.9776073694
2024,163,92699,2349122.7376395836
2024,48,88526,2123052.58782948
2024,249,86673,1979600.4079444408
2024,79,85583,1955242.028180847
2024,164,82175,2025808.2677073479
2024,141,78300,1642291.2983572483
2024,107,71964,1611890.7173720077
2024,238,68039,1466245.3582275007
2024,246,67214,1665663.7579811607
2024,140,66859,1547449.598037243
2024,263,65162,1381455.6085515115
2024,90,59625,1362245.4180059433
2024,229,57551,1305127.4587376304
2024,114,55067,1260800.5588321686
2024,231,54355,1456280.5689202547
2024,43,53613,1235921.817966938
2024,100,53420,1321200.4477847815
2024,113,51729,1177356.2383951321
2024,262,48797,1085625.1087054014
2024,148,43569,1099338.6994502544
2024,143,42162,907897.3992459774
2024,144,40452,980446.0391552541
2024,158,40354,1015239.4789786618
2024,233,39213,997682.7283172607
2024,137,38310,856639.9588282108
2024,211,33634,823400.3992874622
2024,151,28073,596073.9593060017
2024,87,25099,778276.0694146156
2024,75,24586,531633.279560376
2024,50,24443,590239.3292914629
2024,13,23961,766498.899062708
2024,261,20389,645381.5395052712
2024,125,20331,502676.05976462364
2024,166,17928,417870.90956425667
2024,70,13545,872913.69906497
2024,88,12243,394169.9594348669
2024,41,11587,254602.39966988564
2024,74,11307,245355.4398162458
2024,209,9581,286568.809757242
2024,264,9445,298624.329885263
2024,24,9124,206503.6097319126
2024,4,7492,176794.05006344616
2024,93,7349,442523.2300091982
2024,232,7144,195641.0200045202
2024,45,6266,173254.52982092835
2024,224,6248,140816.7799155712
2024,42,5857,139770.94993060827
2024,145,4478,133447.59991550446
2024,255,4008,116988.3999722004
2024,116,3729,94177.66995603591
2024,65,3646,110571.6399269104
2024,226,3558,122567.29999184608
2024,244,3451,100354.14996959642
2024,33,3392,104468.60994434357
2024,152,3095,73273.59996056557
2024,97,2983,88524.4099829197
2024,7,2938,77983.79991149902
2024,61,2871,85327.9898583889
2024,256,2768,82554.58006501198
2024,80,2627,84873.74997639656
2024,25,2555,75399.03991127014
2024,66,2375,73604.21995532513
2024,181,2359,75610.17998409271
2024,265,2283,212205.71987855434
2024,112,2099,59738.8600549791
2024,76,2065,64432.589804410934
2024,146,2053,55264.65987229347
2024,129,1977,74397.56972765923
2024,216,1794,102480.77972173691
2024,193,1744,30371.700004816055
2024,188,1682,50378.22990345955
2024,37,1603,49115.20995306969
2024,39,1565,48595.55001282692
2024,49,1515,45546.93998003006
2024,225,1480,44958.50993514061
2024,10,1474,96918.9802466631
2024,89,1464,46296.01987576485
2024,95,1458,50114.879861831665
2024,130,1437,54290.89987337589
2024,17,1425,40679.949984550476
2024,260,1370,44733.34997797012
2024,12,1348,43922.85995912552
2024,168,1331,39794.97991633415
2024,197,1224,51522.959897875786
2024,223,1173,49384.30002641678
2024,82,1151,41449.30995488167
2024,195,1144,61095.109891057014
2024,243,1141,35837.18997716904
2024,72,1123,31552.299961090088
2024,36,1110,34603.7800078392
2024,179,1080,29786.369960069656
2024,35,1042,30928.839913129807
2024,177,1031,31747.189895153046
2024,91,1011,29636.719961881638
2024,71,973,27469.999982118607
2024,52,963,29533.769984263927
2024,247,893,30288.11993122101
2024,189,886,27890.970026016235
2024,157,882,33333.82997298241
2024,62,868,25556.419939279556
2024,40,859,25384.590013742447
2024,215,752,41924.94996881485
2024,219,714,43571.26007091999
2024,159,661,20493.609929809347
2024,14,653,23135.11999320984
2024,228,647,22982.019965410233
2024,134,646,34080.49990820885
2024,198,617,18988.92996573448
2024,92,617,23815.099936008453
2024,69,601,18446.18992948532
2024,85,594,17032.130011081696
2024,28,572,26190.209990024567
2024,196,567,21479.17993164994
2024,1,528,46560.20991015434
2024,55,521,22533.650021076202
2024,222,520,18304.390001296997
2024,56,510,20734.60993528366
2024,213,508,18462.22989320755
2024,83,498,16880.519958257675
2024,26,494,14991.899946212769
2024,77,479,14808.319967031479
2024,155,474,15751.140013217926
2024,127,472,14787.270011663437
2024,63,467,15113.589944839478
2024,205,459,19007.479907512665
2024,165,453,12944.849991321564
2024,258,446,13424.259960651398
2024,218,433,17665.399951457977
2024,210,423,15874.09002494812
2024,51,421,18494.399921417236
2024,106,412,12798.420022964478
2024,191,407,16201.039900779724
2024,119,394,15074.82996582985
2024,182,388,15321.739918231964
2024,235,375,13085.700016498566
2024,34,366,11292.270003080368
2024,254,361,14614.219982862473
2024,124,350,14437.68001294136
2024,217,349,10157.700008869171
2024,167,342,11330.099959850311
2024,169,334,10934.619946956635
2024,117,333,17006.240020275116
2024,133,330,10703.939973115921
2024,86,323,17451.480102300644
2024,78,305,11422.609928131104
2024,123,305,9114.159977197647
2024,22,303,10008.01994919777
2024,212,287,10134.149957666174
2024,160,284,9810.49996638298
2024,121,283,9602.349948644638
2024,54,282,8602.809975862503
2024,126,282,9558.969965934753
2024,131,279,10140.739955425262
2024,248,278,9873.729935646057
2024,220,276,11409.199980258942
2024,29,273,11233.370010375977
2024,203,270,13335.899934768677
2024,194,269,14143.769995212555
2024,207,268,5692.879990339279
2024,18,263,10315.610001921654
2024,242,262,9472.5899143219
2024,250,258,8666.629951000214
2024,135,252,9157.119949579239
2024,149,250,8225.69998562336
2024,47,248,8869.259969711304
2024,241,247,9195.0799802728
2024,102,239,6796.87001490593
2024,202,226,8339.389996051788
2024,173,225,6349.5599796772
2024,180,225,9180.10998415947
2024,257,220,7602.2999584674835
2024,60,216,7612.2199540138245
2024,108,208,7963.949975967407
2024,227,207,7097.239970207214
2024,208,206,8409.109951496124
2024,259,205,8904.479953289032
2024,21,201,6582.1299777030945
2024,147,200,6626.719959497452
2024,174,199,8685.86995792389
2024,136,193,7187.539981365204
2024,139,193,9208.669961929321
2024,200,190,7833.869997501373
2024,81,183,7948.219970226288
2024,252,174,7121.329965591431
2024,38,174,8407.890025138855
2024,53,171,6249.029986381531
2024,19,165,5772.019988059998
2024,171,157,5569.839955806732
2024,67,155,5109.8099892139435
2024,20,153,5881.719950675964
2024,185,148,5880.059966087341
2024,190,146,4317.729991674423
2024,32,139,5698.809980392456
2024,150,139,5078.680020809174
2024,192,133,4507.450003623962
2024,3,131,5167.780001163483
2024,98,128,3883.8899817466736
2024,201,127,5907.27000272274
2024,122,119,4634.02995967865
2024,16,118,4864.2399916648865
2024,94,115,4271.050001144409
2024,178,113,3431.979994535446
2024,175,104,4256.889995098114
2024,101,102,3850.4499768018723
2024,11,99,3418.1999790668488
2024,183,94,3781.9099974632263
2024,9,89,3239.569980621338
2024,15,82,3177.9699788093567
2024,64,82,2840.8799743652344
2024,6,65,2024.0200021266937
2024,153,61,1994.7199873924255
2024,154,61,2461.7200083732605
2024,73,58,1822.1299862861633
2024,253,49,2794.7100071907043
2024,57,40,1891.1199960708618
2024,46,40,2057.3599920272827
2024,96,40,1442.7599892616272
2024,128,39,1434.9400045871735
2024,120,38,1431.109998703003
2024,31,36,1600.359994649887
2024,23,33,1916.8499898910522
2024,240,33,1206.3999891281128
2024,8,26,1193.339997291565
2024,221,25,1204.2700128555298
2024,184,19,918.3199982643127
2024,214,17,663.4599957466125
2024,118,17,853.9300031661987
2024,115,16,548.9300012588501
2024,27,15,673.479998588562
2024,58,15,601.8800039291382
2024,111,14,498.25999879837036
2024,172,14,482.1300013065338
2024,251,14,901.6300058364868
2024,59,9,341.0899963378906
2024,30,8,177.99000072479248
2024,2,7,271.1899971961975
2024,187,7,262.6100015640259
2024,245,6,270.2199993133545
2024,84,5,294.8000030517578
2024,206,4,142.28999710083008
2024,156,4,210.4900016784668
2024,176,3,157.33999729156494
2024,204,3,393.3199996948242
2024,109,3,199.5900001525879
2024,199,2,46.20000076293945
2098,163,1,25.799999237060547
