source_year,tpep_pickup_datetime,pu_location_id,do_location_id,passenger_count,trip_distance,total_amount,tip_amount,tip_percentage
2024,2024-09-22 17:20:57,241,32,0,2.8,0.98,5.16,526.5305864269766
2024,2024-09-21 00:26:43,3,241,0,4.34,1.06,5.18,488.6792554682204
2024,2024-09-07 20:27:20,112,255,0,0.93,0.5,2.02,403.99999618530273
2024,2024-09-15 00:44:30,241,241,0,0.0,1.63,5.27,323.31288321124373
2024,2024-09-13 16:07:00,237,162,0,1.06,1.1,3.52,319.9999913302337
2024,2024-09-10 20:05:03,113,231,0,1.04,1.1,3.52,319.9999913302337
2024,2024-09-21 18:08:53,148,79,0,0.8,0.78,2.0,256.41026581532896
2022,2022-09-09 20:34:50,211,113,1,0.86,8.2,20.0,243.90244469764627
2022,2022-09-22 23:46:07,162,68,1,1.66,8.2,20.0,243.90244469764627
2021,2021-09-09 09:58:23,246,246,1,0.0,4.2,10.0,238.09524890787256
2024,2024-09-22 01:53:06,69,247,0,3.95,1.72,3.62,210.4651061246821
2024,2024-09-22 17:29:08,211,255,0,3.52,3.78,7.0,185.18518658682294
2024,2024-09-07 16:21:37,107,43,0,3.13,3.72,6.45,173.3870903134057
2024,2024-09-25 19:11:00,48,161,0,0.8,2.54,3.76,148.03149791073983
2024,2024-09-21 05:36:47,168,247,0,0.62,2.63,3.77,143.3460006418264
2024,2024-09-29 21:58:02,47,94,0,1.63,2.63,3.77,143.3460006418264
2024,2024-09-26 20:58:31,147,247,0,3.4,2.72,3.79,139.33823242603086
2024,2024-09-28 21:42:40,61,37,0,2.99,2.92,3.82,130.8219121038904
2024,2024-09-02 17:17:59,142,161,0,2.35,1.53,2.0,130.71895669274468
2024,2024-09-07 11:52:37,137,161,0,1.5,3.41,3.9,114.36950138426103
2024,2024-09-29 19:27:54,71,76,0,2.63,3.45,3.91,113.33333425475777
2021,2021-09-27 15:40:43,264,264,1,3.49,1.0,1.0,100.0
2020,2020-09-21 07:06:49,264,264,1,0.0,0.01,0.01,100.0
2022,2022-09-08 08:18:51,264,264,1,0.0,0.01,0.01,100.0
2022,2022-09-02 11:54:27,264,264,1,0.0,0.01,0.01,100.0
2020,2020-09-14 13:52:56,264,264,1,0.0,0.66,0.66,100.0
2020,2020-09-28 10:35:13,264,264,1,0.0,0.01,0.01,100.0
2022,2022-09-28 11:30:30,264,264,1,0.0,0.11,0.11,100.0
2022,2022-09-13 16:55:08,264,264,1,0.0,1.29,1.29,100.0
2022,2022-09-03 11:32:19,264,264,1,0.0,0.01,0.01,100.0
2020,2020-09-15 09:23:46,264,264,1,0.0,0.66,0.66,100.0
2020,2020-09-08 14:05:48,189,244,1,0.0,10.0,10.0,100.0
2021,2021-09-13 08:54:46,264,264,1,0.0,0.01,0.01,100.0
2022,2022-09-15 12:21:24,264,264,1,0.0,0.01,0.01,100.0
2022,2022-09-08 08:15:58,264,264,1,0.0,0.01,0.01,100.0
2023,2023-09-16 16:30:50,264,264,1,0.0,0.01,0.01,100.0
2021,2021-09-02 13:29:58,264,264,1,0.0,0.01,0.01,100.0
2020,2020-09-17 07:33:50,264,264,1,0.0,0.66,0.66,100.0
2022,2022-09-22 21:53:55,264,264,1,0.0,20.0,20.0,100.0
2022,2022-09-02 12:18:03,264,264,0,0.0,9.0,9.0,100.0
2022,2022-09-12 19:26:30,264,264,1,0.0,1.29,1.29,100.0
2023,2023-09-15 14:57:32,264,264,1,0.0,0.9,0.9,100.0
2023,2023-09-18 15:26:35,264,264,1,0.0,0.01,0.01,100.0
2023,2023-09-05 11:19:52,264,264,1,0.0,0.01,0.01,100.0
2020,2020-09-02 13:14:58,264,264,1,0.0,0.01,0.01,100.0
2022,2022-09-02 11:11:06,264,264,1,0.0,0.01,0.01,100.0
2022,2022-09-02 10:51:17,264,264,1,0.0,0.01,0.01,100.0
2021,2021-09-15 12:14:31,264,264,1,0.0,0.01,0.01,100.0
2021,2021-09-17 10:46:25,264,264,1,0.0,0.01,0.01,100.0
2019,2019-09-13 12:08:41,265,265,2,0.8,410.3,410.0,99.92688574167833
2020,2020-09-19 20:01:13,265,265,1,64.9,310.3,310.0,99.90332329849497
2018,2018-09-27 08:17:44,143,265,1,46.3,250.31,250.0,99.87615454371887
2019,2019-09-14 18:02:58,1,1,1,0.0,250.0,249.69,99.8760009765625
2017,2017-09-27 18:51:58,219,265,1,39.6,220.3,220.0,99.86382067743898
2017,2017-09-09 18:35:39,265,265,1,0.5,210.3,210.0,99.8573451985714
2018,2018-09-19 01:21:11,234,234,2,1.3,200.3,200.0,99.85022314169396
2017,2017-09-16 04:17:53,264,264,1,30.6,200.3,200.0,99.85022314169396
2021,2021-09-07 18:49:19,265,265,1,0.0,205.31,205.0,99.8490100032731
2022,2022-09-14 08:42:33,265,265,6,0.2,180.3,180.0,99.8336089591348
2017,2017-09-06 01:20:50,132,265,1,25.2,180.3,180.0,99.8336089591348
2019,2019-09-20 17:58:26,42,265,0,28.4,180.0,179.7,99.83333163791232
2021,2021-09-16 15:51:38,252,265,1,29.2,180.31,180.0,99.82807522445171
2019,2019-09-16 09:23:45,138,265,1,25.9,160.3,160.0,99.81284900433785
2018,2018-09-06 10:10:24,233,265,1,24.5,160.31,160.0,99.80662618469542
2017,2017-09-18 17:37:15,70,265,1,23.3,153.3,153.0,99.8043032969435
2022,2022-09-15 18:30:34,246,246,1,0.4,150.45,150.15,99.80059617291916
2017,2017-09-08 11:21:53,265,265,1,0.0,155.31,155.0,99.80040077041609
2017,2017-09-18 09:24:04,132,265,1,22.3,142.3,142.0,99.78917565332118
2019,2019-09-20 11:26:41,83,83,1,1.2,140.3,140.0,99.78617031701194
2019,2019-09-23 10:19:27,265,265,1,0.0,140.3,140.0,99.78617031701194
2017,2017-09-30 20:19:23,186,68,1,0.7,139.3,139.0,99.78463528701694
2022,2022-09-27 15:18:17,138,265,1,27.8,130.3,130.0,99.7697597507817
2017,2017-09-10 14:56:43,1,1,2,0.0,131.31,131.0,99.76391930214193
2018,2018-09-19 17:14:33,265,265,1,0.0,125.66,125.35,99.75329844106811
2019,2019-09-08 04:26:42,265,265,2,4.8,120.3,120.0,99.7506209109332
2018,2018-09-28 19:40:10,231,265,2,20.0,120.3,120.0,99.7506209109332
2022,2022-09-09 00:31:51,265,265,1,13.0,120.3,120.0,99.7506209109332
2017,2017-09-20 09:40:32,265,265,1,0.0,120.3,120.0,99.7506209109332
2017,2017-09-05 08:44:47,173,265,1,25.5,120.0,119.7,99.74999745686848
2022,2022-09-25 22:26:55,265,265,1,6.6,110.3,110.0,99.72801174663881
2018,2018-09-30 00:56:44,132,265,2,22.7,108.3,108.0,99.72298887968228
2018,2018-09-06 20:45:13,170,265,1,19.1,105.3,105.0,99.71509682520109
2022,2022-09-13 19:40:25,265,265,1,0.0,105.31,105.0,99.70563330568756
2019,2019-09-25 17:15:02,239,239,1,19.7,100.3,100.0,99.70089427454653
2017,2017-09-27 20:59:16,265,265,1,21.7,100.3,100.0,99.70089427454653
2017,2017-09-09 19:00:33,265,265,1,1.6,98.3,98.0,99.69480870555024
2019,2019-09-04 23:00:58,162,162,1,0.0,100.31,100.0,99.69096045644635
2022,2022-09-27 10:54:59,265,265,1,0.0,100.31,100.0,99.69096045644635
2017,2017-09-20 20:45:51,265,265,1,0.3,95.3,95.0,99.6852014248154
2017,2017-09-25 21:58:01,138,223,1,0.0,95.31,95.0,99.67474812030798
2019,2019-09-26 18:42:30,132,132,1,0.0,95.31,95.0,99.67474812030798
2017,2017-09-01 05:49:53,231,265,1,12.3,90.3,90.0,99.66777071802993
2017,2017-09-13 01:11:22,170,265,1,20.3,90.3,90.0,99.66777071802993
2018,2018-09-28 18:17:26,125,1,1,12.9,90.3,90.0,99.66777071802993
2019,2019-09-16 16:13:04,233,265,2,9.4,90.3,90.0,99.66777071802993
2019,2019-09-06 17:06:08,50,265,3,14.8,90.0,89.7,99.66666327582465
2017,2017-09-10 14:32:47,265,265,1,1.1,90.0,89.7,99.66666327582465
2017,2017-09-19 05:33:10,161,1,2,18.2,90.31,90.0,99.65674059686181
2019,2019-09-19 19:37:40,132,132,1,0.3,90.31,90.0,99.65674059686181
2022,2022-09-24 04:02:38,68,265,0,25.9,85.3,85.0,99.6482965521399
2017,2017-09-17 15:21:53,125,1,3,11.8,85.3,85.0,99.6482965521399
2019,2019-09-26 15:56:23,132,132,1,0.0,85.31,85.0,99.63662223952025
2019,2019-09-03 07:19:24,231,265,1,8.8,80.3,80.0,99.62639721001698
2017,2017-09-08 17:42:24,132,265,2,13.3,80.3,80.0,99.62639721001698
2022,2022-09-06 08:37:37,223,223,1,0.4,80.3,80.0,99.62639721001698
2017,2017-09-29 10:39:29,261,265,2,18.0,80.3,80.0,99.62639721001698
2019,2019-09-21 20:18:08,132,132,1,0.3,80.31,80.0,99.61399879464872
2017,2017-09-01 01:27:52,134,216,1,3.6,75.3,75.0,99.60158958884556
2022,2022-09-21 23:26:44,265,265,1,0.0,75.3,75.0,99.60158958884556
2019,2019-09-14 04:02:43,186,68,2,0.4,74.3,74.0,99.59622740318217
2019,2019-09-18 07:10:41,170,170,1,0.0,73.3,73.0,99.59071890959407
2019,2019-09-22 16:04:42,234,234,1,0.0,75.31,75.0,99.58837130707306
2018,2018-09-22 03:54:20,164,170,2,0.2,71.3,71.0,99.57923837459019
2022,2022-09-11 19:20:18,10,226,1,11.3,70.3,70.0,99.57325314547009
2017,2017-09-26 22:27:13,79,79,1,1.1,70.3,70.0,99.57325314547009
2018,2018-09-07 17:14:53,264,264,2,1.9,70.3,70.0,99.57325314547009
2017,2017-09-18 20:50:11,48,265,2,8.3,70.3,70.0,99.57325314547009
2022,2022-09-10 03:03:26,68,68,1,0.1,70.3,70.0,99.57325314547009
2019,2019-09-14 02:40:33,186,265,2,5.9,70.3,70.0,99.57325314547009
2018,2018-09-24 15:52:16,186,265,1,7.0,70.3,70.0,99.57325314547009
2017,2017-09-08 07:20:03,246,265,1,3.2,70.3,70.0,99.57325314547009
2019,2019-09-22 22:35:29,249,113,1,0.2,69.3,69.0,99.56709518247243
2019,2019-09-24 16:33:53,100,100,1,0.0,70.31,70.0,99.55909889154042
2019,2019-09-14 08:47:04,145,145,1,0.0,70.31,70.0,99.55909889154042
2022,2022-09-06 09:29:17,174,174,1,0.0,70.31,70.0,99.55909889154042
2017,2017-09-14 05:56:17,224,224,1,0.0,70.0,69.69,99.55714634486608
2017,2017-09-08 01:19:57,265,265,1,0.1,65.3,65.0,99.54057727758446
2019,2019-09-21 16:10:40,216,216,1,0.4,65.3,65.0,99.54057727758446
2017,2017-09-05 12:33:25,230,230,2,0.2,65.3,65.0,99.54057727758446
2018,2018-09-01 08:23:35,74,74,1,2.2,63.6,63.3,99.52830307506592
2018,2018-09-24 20:33:27,265,265,1,5.0,63.3,63.0,99.5260675502743
2018,2018-09-28 17:55:57,132,132,1,0.5,63.3,63.0,99.5260675502743
2017,2017-09-18 04:57:57,68,265,2,13.9,65.31,65.0,99.52534440333484
2019,2019-09-28 00:35:13,265,265,1,6.1,60.3,60.0,99.50248882113391
2019,2019-09-23 05:57:40,140,265,2,14.0,60.3,60.0,99.50248882113391
2019,2019-09-18 22:26:48,164,265,1,5.2,60.3,60.0,99.50248882113391
2017,2017-09-15 00:26:28,48,265,1,4.8,60.3,60.0,99.50248882113391
2019,2019-09-15 13:57:03,229,229,1,0.0,61.31,61.0,99.49437063065201
2019,2019-09-21 09:26:46,138,138,2,0.0,59.2,58.9,99.49324453852313
2017,2017-09-07 20:43:29,265,265,1,0.0,60.31,60.0,99.48598679119198
2022,2022-09-09 22:21:10,265,265,2,0.0,60.31,60.0,99.48598679119198
2017,2017-09-24 05:53:03,216,132,1,0.8,58.3,58.0,99.48542154204722
2019,2019-09-26 23:48:38,125,265,1,2.8,55.3,55.0,99.45750589294856
2018,2018-09-15 13:17:06,161,161,1,0.1,55.3,55.0,99.45750589294856
2018,2018-09-30 08:41:17,226,138,1,6.6,55.3,55.0,99.45750589294856
2017,2017-09-21 22:22:25,113,265,1,4.6,55.3,55.0,99.45750589294856
2020,2020-09-27 02:26:22,265,265,1,0.0,55.31,55.0,99.43952022130898
2018,2018-09-08 02:24:13,265,265,1,0.0,55.31,55.0,99.43952022130898
2023,2023-09-01 16:56:27,1,1,1,0.4,178.0,177.0,99.43820224719101
2017,2017-09-10 21:58:19,263,263,3,0.0,53.31,53.0,99.41849303075364
2023,2023-09-12 15:33:39,265,265,1,0.0,170.01,169.0,99.40592051087013
2017,2017-09-12 09:16:36,163,163,1,0.0,50.3,50.0,99.4035800365589
2019,2019-09-08 20:33:18,181,181,0,0.0,50.3,50.0,99.4035800365589
2018,2018-09-09 11:53:42,223,129,1,1.2,50.3,50.0,99.4035800365589
2018,2018-09-07 02:53:08,265,265,1,8.8,50.3,50.0,99.4035800365589
2019,2019-09-22 02:26:40,125,265,1,2.1,50.3,50.0,99.4035800365589
2022,2022-09-11 21:07:06,161,161,2,1.1,50.3,50.0,99.4035800365589
2018,2018-09-26 05:20:21,146,138,1,4.9,50.3,50.0,99.4035800365589
2017,2017-09-15 02:31:26,265,265,1,0.0,50.3,50.0,99.4035800365589
2019,2019-09-05 21:35:57,265,265,1,1.1,50.0,49.7,99.4000015258789
2018,2018-09-16 00:42:18,79,265,0,5.3,50.0,49.7,99.4000015258789
2018,2018-09-28 16:41:07,138,138,1,9.6,50.0,49.7,99.4000015258789
2017,2017-09-13 00:24:22,265,265,1,0.0,50.31,50.0,99.3838176012144
2017,2017-09-17 04:56:34,113,107,1,0.2,50.31,50.0,99.3838176012144
2018,2018-09-16 06:10:49,163,163,1,0.0,49.31,49.0,99.37132150748847
2017,2017-09-02 04:07:55,186,164,2,0.3,49.31,49.0,99.37132150748847
2019,2019-09-12 16:34:42,79,79,1,0.0,49.31,49.0,99.37132150748847
2018,2018-09-01 21:48:55,265,265,1,0.0,48.31,48.0,99.35830808429162
2021,2021-09-14 05:29:39,265,265,1,3.4,45.3,45.0,99.33775001741034
2019,2019-09-28 00:16:04,68,265,1,6.1,45.3,45.0,99.33775001741034
2017,2017-09-16 09:04:05,129,138,1,1.2,45.3,45.0,99.33775001741034
2022,2022-09-20 00:47:56,262,262,0,0.0,45.3,45.0,99.33775001741034
2022,2022-09-29 03:15:37,145,145,1,0.1,45.3,45.0,99.33775001741034
2022,2022-09-13 00:38:12,170,170,1,0.1,45.3,45.0,99.33775001741034
2022,2022-09-17 10:26:30,223,132,2,12.3,45.3,45.0,99.33775001741034
2019,2019-09-16 15:10:37,265,265,1,0.0,120.8,120.0,99.33774583481174
2017,2017-09-02 01:34:48,144,265,1,3.4,45.0,44.7,99.33333502875435
2018,2018-09-28 09:49:48,239,239,1,0.0,493.3,490.0,99.3310383388143
2018,2018-09-26 13:12:16,138,138,3,4.4,44.74,44.44,99.3294523010664
2024,2024-09-16 12:06:25,265,265,1,0.0,141.01,140.0,99.28374260961553
2022,2022-09-10 04:10:53,255,255,3,0.3,40.3,40.0,99.25558500560798
2018,2018-09-12 04:59:53,129,138,1,0.9,40.3,40.0,99.25558500560798
2017,2017-09-19 02:35:06,265,265,1,10.3,40.0,39.7,99.25000190734863
2019,2019-09-06 02:20:53,116,116,1,0.0,500.0,496.2,99.24000244140625
2018,2018-09-28 13:38:13,244,265,1,3.7,39.3,39.0,99.2366431478766
2017,2017-09-26 13:34:26,162,229,1,0.0,40.31,40.0,99.23095667891388
2019,2019-09-09 12:16:03,264,264,2,0.0,428.3,425.0,99.22951485243472
2019,2019-09-01 20:27:20,243,243,1,0.0,38.3,38.0,99.21671215917347
2018,2018-09-28 19:42:54,164,164,1,0.0,38.31,38.0,99.1908082428127
2018,2018-09-28 09:46:47,239,239,1,0.0,403.3,400.0,99.1817535599176
2024,2024-09-15 14:47:49,107,265,0,23.2,120.0,119.0,99.16666666666667
2019,2019-09-06 12:48:05,193,193,1,0.0,391.3,388.0,99.15666038949259
2017,2017-09-23 23:48:35,100,244,1,8.3,35.3,35.0,99.15014378599311
2017,2017-09-24 07:44:56,239,138,1,10.2,35.3,35.0,99.15014378599311
2019,2019-09-28 01:27:48,265,265,1,2.1,35.3,35.0,99.15014378599311
2018,2018-09-11 05:38:31,146,7,1,1.1,35.3,35.0,99.15014378599311
2019,2019-09-22 03:34:05,148,181,2,7.3,35.3,35.0,99.15014378599311
2017,2017-09-20 11:28:05,237,138,1,6.6,35.3,35.0,99.15014378599311
2022,2022-09-05 19:40:28,231,231,1,1.3,35.3,35.0,99.15014378599311
2018,2018-09-28 03:42:17,132,138,1,13.1,33.3,33.0,99.099101369568
2022,2022-09-12 23:16:52,265,265,1,62.2,403.8,400.0,99.05894306393168
2022,2022-09-13 15:24:39,132,265,1,32.8,161.55,160.0,99.04054285207211
2017,2017-09-14 10:04:06,26,26,1,0.0,32.31,32.0,99.04054051341737
2019,2019-09-10 13:49:50,193,193,3,0.0,341.3,338.0,99.03311224406767
2019,2019-09-24 20:43:20,163,163,0,0.0,81.8,81.0,99.02200119570702
2018,2018-09-02 01:41:17,148,256,2,2.1,30.3,30.0,99.00990348312084
2018,2018-09-21 05:48:13,7,138,1,3.0,30.3,30.0,99.00990348312084
2019,2019-09-29 03:37:38,265,265,2,1.2,30.3,30.0,99.00990348312084
2019,2019-09-11 17:58:43,238,238,2,0.0,30.3,30.0,99.00990348312084
2019,2019-09-15 03:01:11,80,80,2,0.9,29.3,29.0,98.97611179224506
2017,2017-09-18 03:15:40,247,247,1,0.0,353.8,350.0,98.92595027583992
2019,2019-09-07 14:26:14,138,132,1,0.0,303.3,300.0,98.91197232911816
2019,2019-09-08 04:16:41,152,152,1,0.1,27.3,27.0,98.90110166503855
2019,2019-09-07 00:01:08,79,79,2,0.0,25.3,25.0,98.81423222882515
2019,2019-09-14 03:59:40,246,75,1,5.8,25.3,25.0,98.81423222882515
2022,2022-09-24 12:25:41,164,107,2,1.1,25.3,25.0,98.81423222882515
2017,2017-09-18 10:38:39,265,265,1,0.0,275.3,272.0,98.8013120452986
2017,2017-09-03 15:55:05,116,152,1,0.3,25.0,24.7,98.80000305175781
2019,2019-09-24 14:58:06,264,264,1,0.0,273.3,270.0,98.7925400876825
2018,2018-09-06 01:40:05,257,257,1,0.1,354.3,350.0,98.7863426640925
2018,2018-09-15 18:07:47,168,168,1,0.0,25.31,25.0,98.77518975707792
2017,2017-09-06 22:51:15,144,144,1,0.0,25.31,25.0,98.77518975707792
2017,2017-09-06 15:53:43,246,246,1,0.0,24.31,24.0,98.7248067760072
2017,2017-09-06 21:37:50,163,163,1,0.0,24.31,24.0,98.7248067760072
2019,2019-09-09 10:58:26,264,264,0,0.0,250.0,246.7,98.67999877929688
2021,2021-09-15 09:34:51,264,264,0,0.0,22.81,22.5,98.64094926260194
2022,2022-09-06 10:23:36,265,265,1,0.0,241.0,237.7,98.63070412790132
2018,2018-09-01 13:12:18,246,246,1,4.4,21.3,21.0,98.59155282720118
2021,2021-09-16 12:28:59,43,43,1,0.0,22.0,21.69,98.59091151844372
2021,2021-09-26 03:22:54,107,107,1,0.5,20.3,20.0,98.52217119046558
2018,2018-09-07 02:00:12,48,43,1,0.2,20.3,20.0,98.52217119046558
2020,2020-09-22 15:58:25,236,236,1,2.2,20.3,20.0,98.52217119046558
2019,2019-09-17 20:39:16,144,144,1,0.0,20.3,20.0,98.52217119046558
2022,2022-09-22 22:43:08,234,113,1,0.1,20.3,20.0,98.52217119046558
2019,2019-09-17 21:14:04,263,263,0,0.0,20.3,20.0,98.52217119046558
2021,2021-09-14 08:21:59,186,138,1,9.0,20.3,20.0,98.52217119046558
2019,2019-09-23 08:05:56,237,237,1,0.0,20.3,20.0,98.52217119046558
2017,2017-09-17 03:11:05,148,148,1,0.0,20.3,20.0,98.52217119046558
2019,2019-09-03 12:36:15,265,265,1,0.0,221.3,218.0,98.50881020955701
2018,2018-09-03 23:25:30,79,148,1,0.2,20.0,19.7,98.50000381469727
2019,2019-09-28 03:52:41,265,265,1,0.0,20.31,20.0,98.47366088580053
2022,2022-09-20 19:17:09,140,140,1,0.0,20.31,20.0,98.47366088580053
2018,2018-09-14 09:28:31,164,164,1,0.0,20.31,20.0,98.47366088580053
2017,2017-09-11 17:10:33,230,230,1,0.0,20.31,20.0,98.47366088580053
2017,2017-09-05 09:16:46,264,265,1,0.0,213.3,210.0,98.45288185440998
2017,2017-09-19 09:51:54,265,265,1,0.0,212.3,209.0,98.44559443979222
2017,2017-09-12 14:14:27,264,193,2,0.0,203.3,200.0,98.37678160244904
2019,2019-09-25 12:29:43,264,264,1,0.0,203.3,200.0,98.37678160244904
2019,2019-09-30 15:01:11,264,264,1,0.0,203.3,200.0,98.37678160244904
2019,2019-09-14 11:05:29,264,264,1,0.0,203.3,200.0,98.37678160244904
2019,2019-09-11 09:40:51,163,163,1,0.0,18.3,18.0,98.36065983842776
2019,2019-09-02 17:08:31,236,236,1,0.0,18.3,18.0,98.36065983842776
2017,2017-09-09 11:34:52,21,21,2,0.0,201.3,198.0,98.36065424653306
2017,2017-09-24 15:08:01,233,233,1,0.0,228.8,225.0,98.33915952750306
2024,2024-09-02 01:00:37,265,265,2,1.2,60.0,59.0,98.33333333333333
2024,2024-09-28 00:06:27,265,265,0,0.3,60.0,59.0,98.33333333333333
2018,2018-09-29 22:25:55,48,48,1,0.0,17.8,17.5,98.31461095551099
2019,2019-09-25 09:05:08,100,100,1,0.0,18.31,18.0,98.30693896786289
2018,2018-09-07 18:51:03,247,247,1,0.0,18.0,17.69,98.27778074476454
2017,2017-09-09 00:55:33,148,148,1,0.0,17.91,17.6,98.26912636190124
2021,2021-09-01 23:04:43,48,48,1,0.0,17.3,17.0,98.26590028733713
2019,2019-09-12 14:29:15,264,264,1,0.0,188.3,185.0,98.24747583734731
2017,2017-09-16 04:14:43,137,100,1,0.89,325.57,319.77,98.21850349231619
2017,2017-09-09 20:55:08,33,33,1,0.0,17.31,17.0,98.20913070186795
2019,2019-09-10 18:45:25,170,170,1,0.0,17.31,17.0,98.20913070186795
2024,2024-09-03 23:59:49,265,265,1,0.0,55.0,54.0,98.18181818181819
2022,2022-09-16 17:29:17,265,265,0,0.0,234.3,230.0,98.16474477347407
2017,2017-09-19 22:00:48,186,186,1,0.0,16.3,16.0,98.15951379691813
2018,2018-09-19 19:36:47,142,142,2,0.1,16.0,15.7,98.1249988079071
2019,2019-09-13 09:47:02,265,265,1,0.0,175.3,172.0,98.11751112703433
2017,2017-09-17 12:02:25,244,244,1,0.0,15.8,15.5,98.10126463852333
2021,2021-09-02 11:09:10,238,238,1,0.0,16.31,16.0,98.09932877931905
2017,2017-09-11 12:02:09,265,265,2,0.0,173.3,170.0,98.09578592403588
2018,2018-09-14 18:23:25,230,163,1,0.36,329.04,322.74,98.08533365337341
2022,2022-09-12 22:57:44,87,79,1,4.4,15.3,15.0,98.03921446408522
2022,2022-09-03 22:10:36,163,163,1,0.0,15.3,15.0,98.03921446408522
2019,2019-09-24 02:53:36,48,48,1,1.3,15.3,15.0,98.03921446408522
2020,2020-09-28 05:39:37,35,35,1,0.4,15.3,15.0,98.03921446408522
2024,2024-09-11 00:49:28,211,79,1,0.5,510.1,500.0,98.01999490635842
2017,2017-09-25 15:33:43,230,230,1,0.1,15.0,14.7,97.99999872843425
2023,2023-09-13 13:38:36,265,265,1,0.0,224.5,220.0,97.9955456570156
2017,2017-09-02 04:21:30,224,224,1,0.0,15.31,15.0,97.97517693585759
2021,2021-09-03 23:58:19,142,142,1,0.0,15.31,15.0,97.97517693585759
2017,2017-09-10 03:47:30,236,236,1,0.0,15.31,15.0,97.97517693585759
2019,2019-09-01 03:17:30,87,87,2,0.0,15.31,15.0,97.97517693585759
2017,2017-09-09 03:25:24,146,146,1,0.0,15.31,15.0,97.97517693585759
2021,2021-09-02 03:19:03,119,119,1,0.0,15.31,15.0,97.97517693585759
2018,2018-09-26 15:28:20,265,265,1,13.4,160.3,157.0,97.94135808550652
2018,2018-09-24 21:58:40,48,48,2,0.0,15.0,14.69,97.93333053588867
2017,2017-09-26 15:40:46,265,265,1,16.6,159.3,156.0,97.9284350354434
2017,2017-09-16 04:30:44,45,49,1,2.9,14.47,14.17,97.92674370975348
2019,2019-09-26 11:57:56,163,163,1,0.0,14.81,14.5,97.90681694238114
2017,2017-09-15 08:22:31,90,90,1,0.0,14.3,14.0,97.90209659626971
2021,2021-09-01 13:44:18,148,232,2,0.2,14.3,14.0,97.90209659626971
2018,2018-09-21 22:07:08,50,50,1,1.0,14.18,13.88,97.88434284711995
2022,2022-09-06 10:12:56,264,264,1,0.0,155.3,152.0,97.87507856605902
2024,2024-09-14 23:24:57,195,195,1,0.0,47.01,46.0,97.85152444672485
2019,2019-09-28 14:49:57,264,264,1,0.0,153.3,150.0,97.84735617347401
2019,2019-09-27 13:22:26,264,264,1,0.0,153.3,150.0,97.84735617347401
2018,2018-09-06 09:12:36,265,265,1,0.0,153.3,150.0,97.84735617347401
2019,2019-09-22 08:04:32,185,185,1,0.0,153.3,150.0,97.84735617347401
2018,2018-09-23 11:32:54,229,229,1,0.0,14.31,14.0,97.83367987053488
2021,2021-09-17 17:42:50,79,79,1,0.0,14.31,14.0,97.83367987053488
2019,2019-09-22 18:19:06,262,262,1,0.0,13.8,13.5,97.82608560443151
2022,2022-09-09 12:19:26,265,265,2,0.0,150.3,147.0,97.80438923170121
2019,2019-09-11 17:56:06,265,265,0,0.3,193.18,188.88,97.77410293198142
2023,2023-09-06 12:51:09,26,26,0,0.0,200.5,196.0,97.75561097256858
2019,2019-09-17 16:23:24,113,113,1,0.0,13.3,13.0,97.74435950050699
2021,2021-09-05 01:25:40,234,234,1,0.2,13.3,13.0,97.74435950050699
2017,2017-09-21 21:52:37,4,79,1,0.5,13.3,13.0,97.74435950050699
2020,2020-09-12 21:22:15,162,162,1,0.5,13.3,13.0,97.74435950050699
2018,2018-09-06 18:47:47,233,233,1,0.0,13.3,13.0,97.74435950050699
2018,2018-09-03 12:48:51,107,107,1,0.0,13.3,13.0,97.74435950050699
2017,2017-09-06 14:50:35,265,265,1,0.0,143.3,140.0,97.69713678891834
2018,2018-09-21 02:23:42,148,148,1,0.01,163.8,160.0,97.68009586021981
2021,2021-09-27 17:47:22,132,132,0,0.4,66.55,65.0,97.67091963834723
2017,2017-09-13 19:15:27,265,265,1,0.0,184.3,180.0,97.66684591396874
2019,2019-09-09 07:09:09,265,265,1,1.0,140.3,137.0,97.64789523879026
2019,2019-09-15 01:18:03,263,263,1,0.56,310.3,303.0,97.64744180465799
2019,2019-09-17 21:51:26,265,265,1,0.0,160.8,157.0,97.63681406738863
2019,2019-09-20 04:27:21,33,52,1,2.2,12.6,12.3,97.61904617736313
2017,2017-09-30 23:11:02,265,265,1,0.0,159.3,155.5,97.61456184622723
2017,2017-09-15 16:25:16,219,265,3,34.3,250.5,244.44,97.58083929796658
2023,2023-09-20 23:52:03,137,229,1,1.3,41.0,40.0,97.5609756097561
2024,2024-09-22 22:23:49,7,223,1,0.0,41.0,40.0,97.5609756097561
2017,2017-09-07 14:57:08,249,125,2,0.1,12.3,12.0,97.56097409688789
2017,2017-09-27 19:33:02,264,264,1,0.0,12.3,12.0,97.56097409688789
2017,2017-09-12 23:30:40,263,263,1,2.4,12.3,12.0,97.56097409688789
2021,2021-09-27 08:33:47,265,265,1,0.0,135.3,132.0,97.56097340922054
2017,2017-09-15 00:45:50,265,265,1,0.0,153.8,150.0,97.52925684242086
2021,2021-09-23 22:38:58,265,265,2,0.0,153.8,150.0,97.52925684242086
2024,2024-09-30 23:40:05,170,170,1,2.7,40.0,39.0,97.5
2018,2018-09-06 04:02:03,142,142,1,0.4,12.0,11.7,97.49999841054282
2019,2019-09-09 10:45:42,249,249,1,0.0,250.0,243.7,97.47999877929688
2021,2021-09-29 14:25:51,265,265,2,0.0,130.3,127.0,97.46738067960982
2019,2019-09-11 22:38:31,265,265,1,0.8,150.0,146.2,97.46666463216145
2017,2017-09-24 04:26:58,264,142,6,0.0,149.8,146.0,97.46328239362929
2017,2017-09-21 08:56:11,265,265,1,0.0,129.3,126.0,97.44779352368859
2019,2019-09-27 22:59:04,265,265,1,0.0,147.8,144.0,97.42895603971868
2022,2022-09-12 08:04:30,265,264,1,0.0,128.3,125.0,97.42790103408919
2019,2019-09-10 09:01:42,193,193,2,0.0,128.3,125.0,97.42790103408919
2018,2018-09-05 01:36:33,257,89,1,1.6,359.3,350.0,97.41163704176704
2018,2018-09-13 19:05:59,164,249,1,1.47,469.41,457.11,97.37968551701324
2020,2020-09-26 13:45:54,43,143,2,1.3,410.8,400.0,97.37098634033757
2018,2018-09-10 09:34:17,238,238,1,0.2,11.3,11.0,97.34513110025573
2023,2023-09-09 16:21:49,265,265,6,0.0,150.0,146.0,97.33333333333334
2018,2018-09-06 11:45:11,138,138,1,0.0,48.29,47.0,97.32863762462148
2021,2021-09-05 06:20:49,265,265,1,0.0,123.3,120.0,97.32359856441158
2017,2017-09-29 19:07:47,265,265,1,0.0,160.3,156.0,97.31752777922941
2020,2020-09-26 06:40:54,264,264,1,0.0,18.5,18.0,97.2972972972973
2018,2018-09-16 21:16:30,265,265,1,0.0,140.0,136.2,97.28571210588728
2019,2019-09-05 22:55:47,265,265,4,16.5,139.8,136.0,97.28182906380127
2018,2018-09-24 04:54:43,237,237,1,0.0,11.31,11.0,97.25905916785806
2019,2019-09-10 23:04:05,236,236,1,0.0,11.31,11.0,97.25905916785806
2017,2017-09-27 14:07:21,265,265,1,0.0,120.3,117.0,97.25685538815986
2017,2017-09-10 15:18:22,265,265,1,17.6,120.3,117.0,97.25685538815986
2017,2017-09-11 00:47:44,265,265,1,12.1,137.8,134.0,97.24237810769095
2019,2019-09-19 16:48:41,264,264,1,0.0,154.3,150.0,97.21321907536486
2019,2019-09-26 17:26:25,41,241,1,0.0,154.3,150.0,97.21321907536486
2017,2017-09-11 16:53:52,264,264,6,0.0,154.3,150.0,97.21321907536486
2024,2024-09-17 21:59:20,265,265,1,0.0,195.5,190.0,97.18670076726342
2017,2017-09-22 12:28:32,10,265,1,1.0,205.8,200.0,97.181728393707
2017,2017-09-28 00:16:55,170,170,1,0.2,133.8,130.0,97.15993799320927
2018,2018-09-08 22:15:26,265,265,1,0.0,133.8,130.0,97.15993799320927
2017,2017-09-01 02:04:21,264,265,1,0.0,133.8,130.0,97.15993799320927
2024,2024-09-28 17:17:59,246,246,2,6.0,35.0,34.0,97.14285714285714
2024,2024-09-22 02:47:35,87,87,5,0.2,35.0,34.0,97.14285714285714
2017,2017-09-07 19:56:23,265,265,1,0.0,149.3,145.0,97.11989084804831
2022,2022-09-17 03:27:41,137,261,1,5.5,732.52,711.22,97.09222297545462
2017,2017-09-25 13:47:05,151,151,1,0.7,10.3,10.0,97.08737684291772
2021,2021-09-25 10:53:10,234,234,0,0.0,10.3,10.0,97.08737684291772
2018,2018-09-29 16:39:49,237,237,1,0.0,10.3,10.0,97.08737684291772
2022,2022-09-05 16:05:58,230,230,1,1.7,10.3,10.0,97.08737684291772
2021,2021-09-12 07:51:45,75,75,1,0.0,10.3,10.0,97.08737684291772
2021,2021-09-12 08:14:03,1,1,1,0.0,113.3,110.0,97.0873760257091
2017,2017-09-13 06:27:19,1,1,4,0.0,113.3,110.0,97.0873760257091
2018,2018-09-16 17:21:13,265,265,1,2.0,113.3,110.0,97.0873760257091
2017,2017-09-06 14:38:53,265,265,1,0.0,113.3,110.0,97.0873760257091
2024,2024-09-22 22:18:46,265,265,1,9.0,188.5,183.0,97.08222811671088
2020,2020-09-12 22:46:32,226,226,1,0.0,129.6,125.8,97.06789901790388
2022,2022-09-16 03:39:53,1,1,1,0.0,128.8,125.0,97.04968714152065
2018,2018-09-09 15:52:30,265,265,1,0.0,111.3,108.0,97.035037770643
2019,2019-09-29 14:28:24,265,265,1,0.0,111.3,108.0,97.035037770643
2019,2019-09-10 16:20:31,265,265,1,65.1,145.0,140.7,97.03448065396013
2017,2017-09-05 16:13:34,265,265,1,26.4,144.3,140.0,97.02009496824788
2023,2023-09-25 15:34:09,265,265,1,0.0,150.0,145.5,97.0
2020,2020-09-22 14:44:50,186,100,2,2.5,10.0,9.7,96.99999809265137
2019,2019-09-11 14:36:34,68,68,1,1.5,10.0,9.7,96.99999809265137
2019,2019-09-14 08:52:00,230,230,1,0.0,10.31,10.0,96.99320652764605
2018,2018-09-15 01:47:47,234,234,1,0.0,10.31,10.0,96.99320652764605
2018,2018-09-15 12:04:57,246,246,1,0.0,10.31,10.0,96.99320652764605
2017,2017-09-18 15:09:15,141,141,1,0.0,10.31,10.0,96.99320652764605
2019,2019-09-21 11:53:22,132,132,1,0.0,10.31,10.0,96.99320652764605
2017,2017-09-25 09:53:54,230,230,1,0.0,10.31,10.0,96.99320652764605
2017,2017-09-16 14:25:41,48,100,1,0.0,10.31,10.0,96.99320652764605
2017,2017-09-01 19:47:25,107,107,1,0.0,10.3,9.99,96.99028724392109
2019,2019-09-12 19:54:59,1,1,1,0.0,126.02,122.22,96.98460917029999
2019,2019-09-29 15:16:30,141,140,2,0.5,257.8,250.0,96.9744033505414
2019,2019-09-15 07:33:33,1,264,1,0.0,108.6,105.3,96.96133013929125
2020,2020-09-21 16:55:15,236,233,1,2.53,484.8,470.0,96.94719716055583
2023,2023-09-28 22:28:36,249,249,1,0.0,33.01,32.0,96.94032604395997
2024,2024-09-29 16:23:00,132,132,1,16.0,89.75,87.0,96.93593314763231
2017,2017-09-01 14:36:17,140,140,1,0.0,10.11,9.8,96.93373415954925
2023,2023-09-21 11:22:26,48,68,1,0.62,341.38,330.88,96.9242486818745
2017,2017-09-24 02:10:52,68,68,1,0.0,230.33,223.23,96.9174636186894
2023,2023-09-01 10:19:24,87,87,1,0.0,227.0,220.0,96.91629955947137
2018,2018-09-11 19:50:54,265,265,1,7.4,139.3,135.0,96.91313499098767
2018,2018-09-17 22:39:28,264,264,1,0.0,139.3,135.0,96.91313499098767
2018,2018-09-17 01:35:36,83,83,1,0.0,10.0,9.69,96.89999580383301
2018,2018-09-26 23:15:50,265,265,1,0.0,80.5,78.0,96.8944099378882
2021,2021-09-03 15:53:21,138,138,1,0.0,49.55,48.0,96.87184811114741
2021,2021-09-13 14:14:12,161,237,1,0.9,344.13,333.33,96.86164584392326
2020,2020-09-12 13:47:28,55,55,1,0.0,136.3,132.0,96.84519225570013
2017,2017-09-10 04:33:50,264,229,6,0.0,119.8,116.0,96.82804427799883
2018,2018-09-18 09:25:06,265,265,5,0.0,119.8,116.0,96.82804427799883
2022,2022-09-03 02:51:36,265,265,1,0.0,103.3,100.0,96.80541824369128
2022,2022-09-11 15:23:54,186,186,1,0.0,103.3,100.0,96.80541824369128
2020,2020-09-25 13:11:12,168,168,1,0.0,103.3,100.0,96.80541824369128
2018,2018-09-30 12:18:39,236,236,1,0.0,103.3,100.0,96.80541824369128
2019,2019-09-19 15:21:24,265,264,5,0.0,103.3,100.0,96.80541824369128
2017,2017-09-21 20:53:08,265,265,1,28.6,118.8,115.0,96.80134431469479
2017,2017-09-01 13:47:28,239,239,1,0.0,9.3,9.0,96.7741915636331
2019,2019-09-12 19:51:57,141,141,1,0.6,9.3,9.0,96.7741915636331
2019,2019-09-04 15:57:00,233,162,1,0.1,9.3,9.0,96.7741915636331
2024,2024-09-23 14:51:40,1,1,1,0.0,122.0,118.0,96.72131147540983
2019,2019-09-27 14:58:29,264,264,1,0.02,100.3,97.0,96.70986744631014
2018,2018-09-08 16:00:08,265,265,1,0.0,100.3,97.0,96.70986744631014
2017,2017-09-07 15:16:23,100,48,1,0.03,100.3,97.0,96.70986744631014
2021,2021-09-18 14:07:55,264,264,2,0.0,99.3,96.0,96.67673418898309
2021,2021-09-02 17:00:14,265,265,0,0.0,129.3,125.0,96.67439833699265
2017,2017-09-15 08:54:34,234,234,1,0.0,9.31,9.0,96.67024268910332
2017,2017-09-09 00:51:04,162,162,1,0.0,9.31,9.0,96.67024268910332
2017,2017-09-22 22:34:02,263,263,1,0.0,9.0,8.7,96.66666454739041
2022,2022-09-01 01:29:37,265,265,1,0.0,113.9,110.1,96.66373748827877
2017,2017-09-05 23:38:04,265,265,1,0.0,113.8,110.0,96.6608058437138
2019,2019-09-01 00:55:23,178,178,1,0.0,113.8,110.0,96.6608058437138
2020,2020-09-16 14:08:51,237,239,1,1.7,382.8,370.0,96.65622042812305
2018,2018-09-27 09:33:07,1,1,1,0.0,98.3,95.0,96.64292680640074
2023,2023-09-20 14:45:03,186,186,1,0.0,30.01,29.0,96.63445444458942
2018,2018-09-09 21:11:49,107,137,5,0.64,186.3,180.0,96.61835590522908
2017,2017-09-01 11:20:29,10,265,1,48.9,229.81,222.0,96.60154142919633
2018,2018-09-14 10:05:10,262,262,1,2.7,8.8,8.5,96.59090699735756
2019,2019-09-07 09:07:48,237,237,1,0.0,169.8,164.0,96.58421498968414
2024,2024-09-20 00:28:46,265,265,1,10.3,181.2,175.0,96.57836807248228
2021,2021-09-28 18:59:04,43,43,1,0.0,9.0,8.69,96.5555508931478
2021,2021-09-26 15:46:44,163,162,2,0.7,254.81,246.01,96.54644514105682
2021,2021-09-16 11:57:13,265,265,0,0.0,95.3,92.0,96.5372476956107
2017,2017-09-05 09:32:59,265,265,1,0.0,95.0,91.7,96.52631257709704
2019,2019-09-13 04:35:09,68,158,2,1.17,310.8,300.0,96.52510031623204
2017,2017-09-28 23:36:49,158,158,1,3.5,108.85,105.05,96.50896143717749
2017,2017-09-05 20:59:01,265,265,1,1.3,108.8,105.0,96.50735023421821
2019,2019-09-28 09:16:56,1,1,1,0.0,93.38,90.08,96.46605748615772
2017,2017-09-03 19:31:46,79,79,1,0.0,93.3,90.0,96.4630193528213
2019,2019-09-08 06:01:30,1,1,1,0.0,93.3,90.0,96.4630193528213
2017,2017-09-24 13:52:19,161,265,1,0.0,93.3,90.0,96.4630193528213
2018,2018-09-16 14:54:52,1,1,2,0.0,93.18,89.88,96.45846421877022
2017,2017-09-28 14:36:13,1,1,6,0.06,93.1,89.8,96.4554291337818
2018,2018-09-16 22:29:45,44,204,1,0.02,106.8,103.0,96.44194480976162
2017,2017-09-16 10:35:57,1,1,1,16.3,92.3,89.0,96.42469887037024
2017,2017-09-10 05:06:04,74,74,1,1.8,8.3,8.0,96.38553995372496
2019,2019-09-12 19:45:14,75,75,1,0.0,8.3,8.0,96.38553995372496
2019,2019-09-25 11:18:22,75,75,1,0.0,8.3,8.0,96.38553995372496
2018,2018-09-30 17:40:41,265,265,1,0.0,91.3,88.0,96.38553894692966
2017,2017-09-28 14:38:39,265,265,1,0.0,91.3,88.0,96.38553894692966
2018,2018-09-12 11:43:00,265,265,1,0.0,91.0,87.7,96.37362302004637
2021,2021-09-13 15:22:30,265,265,1,0.0,90.3,87.0,96.34551169409559
2018,2018-09-14 12:55:07,1,1,1,0.0,90.3,87.0,96.34551169409559
2019,2019-09-10 11:29:56,264,264,1,0.0,90.3,87.0,96.34551169409559
2017,2017-09-02 04:13:06,211,211,1,0.0,10.38,10.0,96.33911261800226
2018,2018-09-25 14:49:15,265,265,1,0.0,103.8,100.0,96.33911084774918
2021,2021-09-12 03:09:28,224,264,1,0.0,103.8,100.0,96.33911084774918
2017,2017-09-17 04:16:04,264,265,1,0.0,103.8,100.0,96.33911084774918
2021,2021-09-10 01:34:54,68,68,2,0.0,103.8,100.0,96.33911084774918
2017,2017-09-23 19:00:26,264,265,2,0.0,90.0,86.7,96.33332994249132
2018,2018-09-01 12:38:46,264,265,1,0.0,89.3,86.0,96.3045879742634
2022,2022-09-26 15:05:55,1,264,1,0.0,89.3,86.0,96.3045879742634
2019,2019-09-09 03:05:40,129,129,1,0.0,102.8,99.0,96.30349908662494
2017,2017-09-16 00:36:58,142,237,1,0.6,155.8,150.0,96.2772766764125
2019,2019-09-21 09:18:34,48,132,1,0.0,155.8,150.0,96.2772766764125
2017,2017-09-27 08:27:43,143,143,3,0.0,8.31,8.0,96.2695498921407
2018,2018-09-17 21:03:28,170,170,1,0.0,8.31,8.0,96.2695498921407
2019,2019-09-17 15:25:53,143,143,1,0.0,8.31,8.0,96.2695498921407
2020,2020-09-20 12:30:23,1,264,1,0.0,88.3,85.0,96.26273732989172
2024,2024-09-10 12:05:00,1,1,1,0.0,120.0,115.5,96.25
2019,2019-09-26 07:44:33,236,236,1,0.0,8.0,7.7,96.24999761581421
2020,2020-09-21 09:50:36,239,142,1,0.6,207.86,200.06,96.2474728043615
2018,2018-09-11 17:00:43,186,142,1,2.05,381.04,366.74,96.24710844271856
2018,2018-09-30 15:58:59,211,261,1,1.2,207.68,199.88,96.24422762516865
2018,2018-09-03 15:03:34,1,1,1,0.0,87.3,84.0,96.21992790790473
2021,2021-09-05 14:16:18,234,114,1,0.67,219.3,211.0,96.21522893923586
2017,2017-09-17 03:42:14,236,236,6,0.0,99.8,96.0,96.19238182809767
2018,2018-09-24 07:08:53,107,107,1,0.0,99.8,96.0,96.19238182809767
2019,2019-09-06 06:52:43,1,1,3,0.9,86.6,83.3,96.18938166223013
2017,2017-09-04 16:07:54,234,234,1,0.36,99.6,95.8,96.1847434933941
2017,2017-09-02 11:51:31,143,143,2,0.0,8.11,7.8,96.17756499302502
2019,2019-09-03 19:20:11,265,265,0,0.5,112.0,107.7,96.16071156093052
2022,2022-09-15 21:18:43,230,230,1,0.0,10.4,10.0,96.15384968074834
2024,2024-09-22 00:48:46,148,79,2,0.74,426.4,410.0,96.1538475301982
2023,2023-09-21 02:14:19,265,265,1,0.0,130.0,125.0,96.15384615384616
2019,2019-09-21 17:02:39,236,236,1,0.7,7.8,7.5,96.15384380257818
2018,2018-09-20 20:15:44,162,161,1,0.0,7.8,7.5,96.15384380257818
2017,2017-09-24 20:55:53,264,1,1,0.0,98.8,95.0,96.15384318382347
2017,2017-09-15 03:48:22,265,265,1,0.0,98.8,95.0,96.15384318382347
2023,2023-09-20 14:42:26,265,265,1,0.0,103.99,99.99,96.15347621677986
2017,2017-09-07 11:35:18,186,230,1,1.16,318.86,306.56,96.14251133474548
2019,2019-09-17 14:28:42,1,1,2,0.0,85.3,82.0,96.13129785029966
2017,2017-09-23 09:29:13,170,170,1,17.0,85.3,82.0,96.13129785029966
2023,2023-09-01 05:34:37,1,1,3,0.0,128.0,123.0,96.09375
2017,2017-09-05 22:58:29,265,265,1,0.0,96.8,93.0,96.07437713640775
2021,2021-09-08 17:35:40,265,265,1,10.3,109.3,105.0,96.06587105974592
2022,2022-09-01 03:18:57,138,138,2,0.17,52.05,50.0,96.0614807548337
2019,2019-09-19 15:41:15,264,264,1,0.0,83.3,80.0,96.0384118477074
2019,2019-09-24 14:13:12,1,1,1,0.4,83.3,80.0,96.0384118477074
2020,2020-09-27 19:37:08,264,264,1,0.0,83.3,80.0,96.0384118477074
2020,2020-09-12 10:52:12,265,265,1,0.6,83.3,80.0,96.0384118477074
2021,2021-09-06 14:39:42,1,1,1,0.0,83.3,80.0,96.0384118477074
2019,2019-09-15 10:02:00,132,132,0,1.6,83.3,80.0,96.0384118477074
2018,2018-09-14 21:36:24,88,88,1,0.0,95.8,92.0,96.03339986356285
2018,2018-09-24 03:16:28,230,230,2,0.3,120.8,116.0,96.02648764031801
2017,2017-09-16 09:54:18,234,90,1,0.5,120.3,115.5,96.0099726267732
2023,2023-09-08 15:38:24,1,1,1,0.0,100.0,96.0,96.0
2019,2019-09-26 23:32:29,265,265,1,0.0,95.0,91.2,95.99999678762336
2019,2019-09-14 23:47:05,263,239,1,2.27,343.8,330.0,95.98604180251486
2018,2018-09-22 17:00:49,233,141,1,1.76,219.02,210.22,95.9821007761416
2018,2018-09-22 04:14:58,87,87,1,6.0,10.42,10.0,95.96928912458007
2022,2022-09-02 23:35:10,142,142,1,0.6,205.82,197.52,95.96734877252084
2024,2024-09-03 11:44:10,162,162,5,0.0,25.01,24.0,95.96161447565493
2018,2018-09-27 23:06:37,186,68,1,0.4,192.8,185.0,95.95435532764807
2021,2021-09-19 03:03:14,79,79,2,0.0,100.05,96.0,95.95202106124607
2018,2018-09-07 10:12:13,265,265,1,0.0,93.8,90.0,95.94882417044165
2021,2021-09-27 01:22:33,76,76,1,0.0,93.8,90.0,95.94882417044165
2018,2018-09-10 03:36:16,211,211,1,0.0,93.8,90.0,95.94882417044165
2017,2017-09-17 20:32:27,143,143,1,0.0,93.8,90.0,95.94882417044165
2017,2017-09-25 11:02:01,265,265,1,2.13,214.8,206.0,95.90316437302965
2022,2022-09-24 16:03:42,216,132,1,0.06,7.3,7.0,95.89040845347343
2017,2017-09-01 00:41:47,211,211,1,1.2,7.3,7.0,95.89040845347343
2020,2020-09-07 14:11:48,265,265,1,0.0,80.3,77.0,95.89040731464135
2017,2017-09-13 12:51:34,262,262,1,0.2,104.3,100.0,95.87727428001706
2021,2021-09-10 17:35:45,265,265,5,0.0,104.3,100.0,95.87727428001706
2017,2017-09-05 15:39:50,234,234,1,0.0,7.51,7.2,95.8721649777785
2017,2017-09-26 14:11:02,262,142,1,2.3,345.11,330.81,95.85639697489442
2018,2018-09-22 11:33:44,229,229,1,0.55,115.8,111.0,95.85491975366148
2023,2023-09-16 07:59:14,1,1,1,0.0,96.25,92.25,95.84415584415584
2019,2019-09-24 09:32:08,265,265,1,0.0,79.0,75.7,95.82278094714201
2021,2021-09-09 21:34:48,265,265,1,9.6,90.8,87.0,95.81497475325882
2017,2017-09-10 02:21:43,233,233,1,0.6,90.8,87.0,95.81497475325882
2018,2018-09-04 09:50:55,264,265,1,0.0,78.8,75.5,95.81217903051312
2018,2018-09-14 02:28:12,162,162,1,0.02,25.05,24.0,95.80838615153684
2021,2021-09-08 20:52:18,265,265,0,0.0,90.5,86.7,95.80110160026761
2024,2024-09-27 19:51:44,68,68,1,0.0,24.01,23.0,95.79341849540302
2019,2019-09-13 12:46:58,132,132,1,0.0,78.3,75.0,95.78543687977069
2019,2019-09-01 14:23:54,1,1,1,0.0,78.3,75.0,95.78543687977069
2017,2017-09-14 13:57:06,264,132,1,0.0,78.3,75.0,95.78543687977069
2018,2018-09-27 22:35:18,265,265,1,0.0,90.0,86.2,95.77777438693576
2020,2020-09-03 23:12:22,228,228,1,0.0,89.8,86.0,95.76837091022412
2017,2017-09-04 18:20:38,114,43,1,3.43,314.18,300.88,95.76676169615494
2018,2018-09-01 17:41:21,74,74,1,0.0,7.31,7.0,95.75923467570279
2019,2019-09-25 10:23:43,170,170,1,0.0,7.31,7.0,95.75923467570279
2017,2017-09-11 14:32:47,107,107,1,0.0,7.31,7.0,95.75923467570279
2018,2018-09-01 17:02:56,163,163,1,0.0,7.31,7.0,95.75923467570279
2019,2019-09-25 11:54:01,264,264,1,0.0,77.3,74.0,95.73091471995386
2018,2018-09-19 03:05:56,264,261,1,0.0,88.8,85.0,95.72071743112109
2017,2017-09-14 02:33:38,265,265,1,0.0,88.8,85.0,95.72071743112109
2017,2017-09-13 22:32:59,108,108,1,0.0,88.8,85.0,95.72071743112109
2017,2017-09-25 17:39:58,264,41,6,0.16,100.3,96.0,95.71285850356468
2018,2018-09-13 18:59:34,265,265,1,0.0,100.3,96.0,95.71285850356468
2017,2017-09-18 19:12:50,265,265,1,0.03,100.3,96.0,95.71285850356468
2020,2020-09-17 22:50:39,50,186,2,1.33,250.8,240.0,95.69377873989538
2017,2017-09-13 11:25:26,114,114,1,0.0,6.96,6.66,95.68965245559488
2021,2021-09-03 19:39:37,1,1,1,0.0,99.3,95.0,95.66968487451452
2019,2019-09-08 00:40:20,4,232,2,0.0,156.8,150.0,95.6632634442531
2024,2024-09-08 17:53:11,181,181,1,0.0,103.4,98.9,95.64796911644751
2019,2019-09-30 16:29:32,1,1,1,17.0,97.8,93.5,95.60326900042921
2019,2019-09-24 13:48:40,132,132,1,0.0,75.0,71.7,95.59999593098958
2023,2023-09-27 14:26:17,265,265,1,0.0,100.0,95.5,95.5
2017,2017-09-16 10:56:15,246,246,1,0.0,73.3,70.0,95.49794963933678
2017,2017-09-09 19:20:40,265,265,1,0.0,73.3,70.0,95.49794963933678
2018,2018-09-10 14:36:08,132,132,6,0.0,73.3,70.0,95.49794963933678
2019,2019-09-10 14:40:59,132,132,1,0.0,73.3,70.0,95.49794963933678
2018,2018-09-09 20:01:39,48,48,1,0.0,83.8,80.0,95.46539031817123
2021,2021-09-02 01:22:45,248,248,1,0.0,83.8,80.0,95.46539031817123
2019,2019-09-02 00:55:48,265,264,1,0.0,83.8,80.0,95.46539031817123
2022,2022-09-19 23:49:34,265,265,1,1.3,83.8,80.0,95.46539031817123
2021,2021-09-26 23:40:06,216,216,0,0.0,83.8,80.0,95.46539031817123
2021,2021-09-21 12:33:58,236,74,1,1.92,314.6,300.3,95.45453972246854
2021,2021-09-26 10:36:03,138,138,0,0.0,99.99,95.44,95.44954943537215
2018,2018-09-06 19:04:25,50,246,1,0.0,94.3,90.0,95.44008174697757
2022,2022-09-12 19:12:15,48,48,2,0.0,94.3,90.0,95.44008174697757
2017,2017-09-23 17:09:33,161,163,1,0.0,72.3,69.0,95.43568061899607
2019,2019-09-14 13:31:59,132,132,1,0.0,71.3,68.0,95.37166492214273
2022,2022-09-21 12:12:44,265,265,0,0.0,71.3,68.0,95.37166492214273
2023,2023-09-10 11:37:28,265,265,1,0.0,86.0,82.0,95.34883720930233
2020,2020-09-17 23:21:11,113,237,1,3.63,350.03,333.73,95.34325976350206
2021,2021-09-13 21:28:28,241,241,1,0.0,81.57,77.77,95.34142078463323
2020,2020-09-23 12:49:04,151,238,1,0.25,92.3,88.0,95.34127528755708
2017,2017-09-02 21:26:55,265,265,1,2.9,130.06,124.0,95.34061381489444
2022,2022-09-30 02:15:06,234,162,6,1.3,209.8,200.0,95.32888326539245
2022,2022-09-24 17:19:06,85,85,1,0.0,81.0,77.2,95.30863820770641
2018,2018-09-20 08:51:26,264,1,1,0.0,70.3,67.0,95.30582801066421
2018,2018-09-22 18:26:49,132,132,1,0.9,70.3,67.0,95.30582801066421
2021,2021-09-21 15:43:48,265,265,1,4.2,70.3,67.0,95.30582801066421
2017,2017-09-02 13:44:14,137,132,1,0.0,70.3,67.0,95.30582801066421
2018,2018-09-01 12:24:19,68,68,1,0.09,80.8,77.0,95.29702610367025
2022,2022-09-04 16:34:46,132,132,1,0.0,96.55,92.0,95.28741283486167
2019,2019-09-22 17:07:51,132,132,1,0.0,70.0,66.7,95.28570992606026
2017,2017-09-20 15:30:06,265,265,1,1.5,70.0,66.7,95.28570992606026
2017,2017-09-03 19:50:38,230,230,1,0.0,70.0,66.7,95.28570992606026
2018,2018-09-27 17:46:27,75,116,2,3.94,419.8,400.0,95.28347108891927
2019,2019-09-29 14:39:55,264,264,1,0.0,80.5,76.7,95.27949931458657
2017,2017-09-27 22:11:07,265,265,1,1.5,80.0,76.2,95.24999618530273
2019,2019-09-07 20:49:09,265,265,1,5.5,80.0,76.2,95.24999618530273
2023,2023-09-09 07:45:31,237,163,1,0.5,21.0,20.0,95.23809523809523
2018,2018-09-06 02:53:26,229,229,2,0.8,6.3,6.0,95.23809235472626
2018,2018-09-12 06:41:52,161,161,1,0.0,6.3,6.0,95.23809235472626
2017,2017-09-12 11:11:36,41,41,1,0.0,6.3,6.0,95.23809235472626
2023,2023-09-26 17:49:31,230,230,1,0.0,21.01,20.0,95.19276431280844
2022,2022-09-08 12:35:08,132,132,2,0.0,94.55,90.0,95.18772828672772
2018,2018-09-15 01:12:24,264,225,1,0.0,78.88,75.08,95.18256141648304
2022,2022-09-04 21:32:33,1,1,1,0.0,78.8,75.0,95.1776612885892
2017,2017-09-15 02:42:22,255,255,2,0.0,78.8,75.0,95.1776612885892
2019,2019-09-07 20:08:27,132,132,1,0.0,78.8,75.0,95.1776612885892
2018,2018-09-10 23:59:39,114,114,1,0.0,78.8,75.0,95.1776612885892
2022,2022-09-23 22:47:34,210,210,1,0.0,78.8,75.0,95.1776612885892
2019,2019-09-26 21:34:40,265,265,1,0.0,78.8,75.0,95.1776612885892
2022,2022-09-25 04:21:25,22,22,1,0.0,78.8,75.0,95.1776612885892
2018,2018-09-27 10:32:36,132,132,6,0.0,68.3,65.0,95.16837056470251
2019,2019-09-15 09:19:40,132,132,1,0.0,68.3,65.0,95.16837056470251
2017,2017-09-10 17:12:55,132,132,1,0.0,68.3,65.0,95.16837056470251
2018,2018-09-23 18:24:06,234,234,1,0.0,68.3,65.0,95.16837056470251
2022,2022-09-23 06:29:04,7,7,4,1.2,68.3,65.0,95.16837056470251
2017,2017-09-21 12:07:02,264,48,1,0.0,68.3,65.0,95.16837056470251
2017,2017-09-17 19:10:09,79,158,2,1.38,202.14,192.34,95.15187341379814
2019,2019-09-27 01:28:06,265,265,1,0.0,77.8,74.0,95.11567750295615
2017,2017-09-22 18:52:07,181,181,1,0.0,36.8,35.0,95.10869762397223
2017,2017-09-01 14:40:25,194,194,1,0.0,6.31,6.0,95.08716409523473
2018,2018-09-14 19:18:32,262,262,1,0.0,6.31,6.0,95.08716409523473
2017,2017-09-08 09:06:32,140,140,1,0.0,6.31,6.0,95.08716409523473
2018,2018-09-05 00:08:19,79,79,1,0.0,6.31,6.0,95.08716409523473
2019,2019-09-14 17:15:59,202,202,2,0.0,6.31,6.0,95.08716409523473
2017,2017-09-20 18:51:34,265,265,1,0.0,87.3,83.0,95.07445257566778
2018,2018-09-10 18:56:28,264,1,1,0.0,87.3,83.0,95.07445257566778
2017,2017-09-30 02:27:42,181,181,1,0.0,26.3,25.0,95.05703697805185
2020,2020-09-04 08:49:52,262,68,2,5.09,420.8,400.0,95.05703697805185
2018,2018-09-09 21:07:23,39,39,2,0.0,76.8,73.0,95.05207955630304
2017,2017-09-21 05:03:48,265,265,1,0.0,76.8,73.0,95.05207955630304
2021,2021-09-08 01:00:05,41,41,1,0.0,76.8,73.0,95.05207955630304
2023,2023-09-27 21:25:52,264,264,1,0.0,110.5,105.0,95.02262443438913
2017,2017-09-10 19:03:27,164,164,1,0.0,66.3,63.0,95.02262006054264
2018,2018-09-27 07:51:02,265,265,1,0.0,66.3,63.0,95.02262006054264
2018,2018-09-06 09:07:49,264,230,1,0.0,66.3,63.0,95.02262006054264
2019,2019-09-16 19:48:27,12,231,1,0.0,126.3,120.0,95.01187418881054
2019,2019-09-17 13:20:06,132,132,1,0.0,66.0,62.7,95.00000115596887
2019,2019-09-07 14:52:13,132,132,1,0.0,66.0,62.7,95.00000115596887
2019,2019-09-21 13:44:53,132,132,1,0.0,66.0,62.7,95.00000115596887
2019,2019-09-12 13:10:31,132,132,1,0.0,66.0,62.7,95.00000115596887
2023,2023-09-15 00:34:51,261,261,1,4.9,20.0,19.0,95.0
2024,2024-09-18 22:43:04,265,265,1,0.0,100.0,95.0,95.0
2023,2023-09-06 00:01:44,265,265,1,0.0,100.0,95.0,95.0
2024,2024-09-26 23:03:10,1,1,1,0.0,100.0,95.0,95.0
2022,2022-09-25 12:38:53,230,230,1,10.1,6.0,5.7,94.9999968210856
2018,2018-09-07 02:37:43,265,265,5,0.0,75.8,72.0,94.98680356363167
2018,2018-09-20 03:05:02,18,18,1,0.0,75.8,72.0,94.98680356363167
2018,2018-09-25 22:46:04,264,264,1,0.0,75.8,72.0,94.98680356363167
2020,2020-09-07 14:49:09,48,162,1,1.51,235.21,223.41,94.98320534206161
2019,2019-09-19 10:32:22,48,43,1,3.73,373.8,355.0,94.970575600077
2021,2021-09-26 13:16:44,189,189,1,0.0,65.3,62.0,94.94639678784979
2017,2017-09-09 09:54:29,265,265,1,0.0,65.3,62.0,94.94639678784979
2018,2018-09-03 17:05:45,138,138,2,0.0,65.3,62.0,94.94639678784979
2021,2021-09-16 21:06:31,265,265,1,1.8,75.0,71.2,94.93332926432292
2017,2017-09-15 03:28:57,265,265,1,8.3,75.0,71.2,94.93332926432292
2021,2021-09-03 10:15:38,68,158,1,2.54,351.13,333.33,94.93064732064481
2019,2019-09-22 12:55:57,132,132,1,0.0,65.0,61.7,94.92307809682993
2017,2017-09-24 23:20:03,100,48,1,0.2,84.3,80.0,94.8991661968058
2017,2017-09-14 14:53:44,264,129,1,0.0,64.3,61.0,94.86780265142212
2018,2018-09-09 03:37:46,92,92,1,0.0,73.8,70.0,94.85094458723427
2017,2017-09-17 20:31:12,265,265,1,0.0,73.8,70.0,94.85094458723427
2017,2017-09-22 06:50:01,163,163,1,0.0,6.0,5.69,94.83333428700766
2018,2018-09-07 02:12:51,4,232,2,0.34,92.8,88.0,94.82758308846103
2017,2017-09-04 13:54:11,161,163,1,0.5,92.8,88.0,94.82758308846103
2017,2017-09-27 10:20:31,239,239,1,0.0,63.56,60.26,94.8080506915399
2019,2019-09-17 08:55:41,246,246,1,0.1,121.3,115.0,94.80626307233508
2020,2020-09-08 12:57:26,69,69,1,0.0,63.3,60.0,94.78673100026126
2017,2017-09-26 15:37:24,132,132,1,0.0,63.3,60.0,94.78673100026126
2017,2017-09-04 13:11:43,138,138,1,0.0,63.3,60.0,94.78673100026126
2018,2018-09-30 08:52:14,1,1,1,0.0,63.3,60.0,94.78673100026126
2020,2020-09-21 15:14:15,1,264,1,0.0,63.3,60.0,94.78673100026126
2017,2017-09-28 14:10:31,132,132,1,0.0,63.3,60.0,94.78673100026126
2022,2022-09-03 14:43:13,71,71,1,0.0,63.3,60.0,94.78673100026126
2018,2018-09-04 09:47:07,260,260,1,0.0,63.3,60.0,94.78673100026126
2021,2021-09-03 15:20:17,265,265,1,0.0,63.3,60.0,94.78673100026126
2018,2018-09-02 14:17:59,132,132,1,0.01,63.3,60.0,94.78673100026126
2017,2017-09-24 13:16:19,141,141,1,2.9,63.3,60.0,94.78673100026126
2022,2022-09-05 13:04:52,237,264,1,0.0,63.3,60.0,94.78673100026126
2017,2017-09-26 14:26:23,132,132,5,0.0,63.3,60.0,94.78673100026126
2017,2017-09-23 17:10:32,11,11,1,16.2,63.3,60.0,94.78673100026126
2018,2018-09-04 15:21:13,132,132,6,0.0,63.3,60.0,94.78673100026126
2022,2022-09-19 13:56:42,88,264,2,0.0,63.3,60.0,94.78673100026126
2023,2023-09-01 02:24:07,26,26,1,0.0,105.5,100.0,94.7867298578199
2023,2023-09-29 22:52:40,225,264,1,0.0,105.5,100.0,94.7867298578199
2023,2023-09-29 23:09:47,265,265,1,0.0,105.5,100.0,94.7867298578199
2023,2023-09-04 21:28:58,166,166,1,0.0,21.1,20.0,94.78672814415795
2021,2021-09-11 08:09:33,158,158,1,0.0,110.8,105.0,94.76534035017268
2019,2019-09-03 10:21:25,140,141,6,0.58,158.45,150.15,94.76175246979082
2021,2021-09-12 08:56:32,180,180,3,0.0,62.45,59.15,94.7157739043313
2017,2017-09-27 20:52:17,100,100,2,1.2,71.8,68.0,94.70751686595537
2017,2017-09-18 09:27:53,138,138,1,0.0,62.3,59.0,94.70305091898385
2018,2018-09-25 08:16:03,66,66,1,0.0,62.3,59.0,94.70305091898385
2023,2023-09-17 12:43:47,239,239,4,0.78,211.2,200.0,94.69697106530408
2022,2022-09-24 04:17:31,138,138,1,0.0,95.05,90.0,94.68700379840291
2023,2023-09-29 14:43:25,138,264,1,0.0,84.5,80.0,94.67455621301775
2018,2018-09-29 00:44:45,148,234,1,1.8,212.1,200.8,94.67232308977735
2018,2018-09-25 17:11:44,236,236,1,0.0,5.81,5.5,94.66437270511857
2017,2017-09-13 23:32:17,141,141,1,0.0,5.81,5.5,94.66437270511857
2019,2019-09-11 21:07:11,237,236,4,1.2,211.3,200.0,94.65215196944892
2019,2019-09-14 19:47:06,107,234,1,1.16,211.3,200.0,94.65215196944892
2019,2019-09-18 18:23:32,238,236,1,1.21,211.3,200.0,94.65215196944892
2017,2017-09-21 23:11:18,257,257,1,0.64,126.8,120.0,94.63722169708296
2021,2021-09-29 16:50:37,142,142,1,0.0,126.8,120.0,94.63722169708296
2019,2019-09-25 16:04:35,132,132,1,0.0,80.0,75.7,94.62499618530273
2019,2019-09-26 17:38:24,132,132,1,4.6,80.0,75.7,94.62499618530273
2022,2022-09-04 15:41:32,132,132,1,0.0,84.55,80.0,94.61856547897166
2022,2022-09-20 12:04:12,132,132,1,0.0,84.55,80.0,94.61856547897166
2022,2022-09-01 11:22:07,255,255,2,0.0,61.3,58.0,94.61664065557534
2018,2018-09-25 15:35:19,195,195,1,6.4,61.07,57.77,94.59636604953148
2022,2022-09-23 08:58:38,96,96,1,0.0,61.0,57.7,94.59016518514665
2023,2023-09-26 20:00:38,216,216,1,0.01,101.45,95.95,94.57860998970163
2019,2019-09-18 19:20:22,264,264,5,0.0,79.3,75.0,94.57754995425249
2018,2018-09-18 22:55:05,125,125,1,0.0,42.3,40.0,94.5626494597063
2017,2017-09-24 14:36:13,164,141,2,1.84,234.8,222.0,94.54855073024157
2022,2022-09-09 12:10:14,237,107,1,2.95,344.6,325.8,94.54439408660386
2017,2017-09-30 11:13:47,249,107,5,0.82,106.3,100.5,94.54374140616557
2017,2017-09-14 12:55:29,265,265,1,0.9,60.3,57.0,94.5273643800772
2019,2019-09-29 19:42:32,231,230,1,3.28,370.8,350.5,94.52535370516166
2017,2017-09-01 22:48:40,68,68,1,0.0,69.3,65.5,94.516590354376
2018,2018-09-10 08:38:18,132,132,1,1.7,60.0,56.7,94.50000127156576
2017,2017-09-12 12:15:38,265,265,1,0.6,60.0,56.7,94.50000127156576
2019,2019-09-21 15:19:24,265,265,1,0.0,60.0,56.7,94.50000127156576
2022,2022-09-02 15:17:18,132,132,1,0.0,100.55,95.0,94.48035516329028
2018,2018-09-22 20:36:48,107,107,1,0.0,68.8,65.0,94.47673999534696
2019,2019-09-03 04:56:41,264,264,1,0.0,68.8,65.0,94.47673999534696
2019,2019-09-08 05:01:41,179,179,1,0.0,68.8,65.0,94.47673999534696
2018,2018-09-08 22:41:50,230,230,2,0.0,68.8,65.0,94.47673999534696
2022,2022-09-25 01:08:22,265,265,1,0.0,68.8,65.0,94.47673999534696
2019,2019-09-01 02:19:41,265,265,1,2.4,68.8,65.0,94.47673999534696
2024,2024-09-11 22:53:38,265,265,1,2.5,99.5,94.0,94.47236180904522
2017,2017-09-15 10:16:27,233,233,1,0.0,16.94,16.0,94.45100056421037
2019,2019-09-09 12:16:46,186,50,2,1.89,239.4,226.1,94.44444940181593
2019,2019-09-19 17:22:23,132,132,0,0.0,77.3,73.0,94.43725371022475
2018,2018-09-10 14:38:42,132,132,1,0.0,59.3,56.0,94.4350771003077
2019,2019-09-10 10:41:32,106,106,2,0.0,59.1,55.8,94.41624480158733
2024,2024-09-08 10:10:10,265,265,0,0.0,80.5,76.0,94.40993788819875
2018,2018-09-23 18:03:06,7,7,2,0.0,58.85,55.55,94.3925245155075
2019,2019-09-02 09:58:06,93,93,1,0.15,58.85,55.55,94.3925245155075
2017,2017-09-03 02:04:16,48,48,1,0.4,94.26,88.96,94.37725129254939
2018,2018-09-17 14:01:55,90,114,5,1.3,164.8,155.5,94.35679436921065
2018,2018-09-28 13:06:32,129,129,1,0.1,58.3,55.0,94.33962387607926
2019,2019-09-11 15:30:29,138,138,1,0.0,58.3,55.0,94.33962387607926
2018,2018-09-21 14:51:17,264,132,4,0.0,58.3,55.0,94.33962387607926
2019,2019-09-29 11:08:47,265,265,2,0.0,58.3,55.0,94.33962387607926
2017,2017-09-12 15:36:52,265,265,1,0.7,58.3,55.0,94.33962387607926
2022,2022-09-20 11:07:58,230,264,1,0.0,58.3,55.0,94.33962387607926
2022,2022-09-24 08:19:38,132,132,1,0.0,58.3,55.0,94.33962387607926
2017,2017-09-24 14:13:59,169,169,1,22.8,5.3,5.0,94.33961924644258
2019,2019-09-16 23:55:41,148,148,1,0.5,5.3,5.0,94.33961924644258
2018,2018-09-23 23:35:36,68,68,1,0.5,5.3,5.0,94.33961924644258
2018,2018-09-22 20:28:33,263,262,1,0.37,93.3,88.0,94.31939670053639
2019,2019-09-06 12:39:47,151,151,6,0.62,93.3,88.0,94.31939670053639
2017,2017-09-05 23:58:06,264,26,1,0.0,66.8,63.0,94.31137293689417
2017,2017-09-25 21:11:16,265,265,1,3.1,66.8,63.0,94.31137293689417
2017,2017-09-17 12:08:13,170,162,1,0.3,75.3,71.0,94.28950481077379
2017,2017-09-15 19:04:25,132,132,1,0.0,75.3,71.0,94.28950481077379
2017,2017-09-27 21:00:28,70,265,1,33.1,106.06,100.0,94.28625523468841
2018,2018-09-22 08:21:52,142,265,1,0.0,57.3,54.0,94.24083895113533
2021,2021-09-30 05:25:04,265,265,1,0.0,65.8,62.0,94.22491964207242
2019,2019-09-06 23:56:53,265,265,1,3.2,65.8,62.0,94.22491964207242
2018,2018-09-28 01:21:54,265,265,1,0.4,65.8,62.0,94.22491964207242
2017,2017-09-23 00:51:05,48,48,1,0.2,74.3,70.0,94.2126475435507
2019,2019-09-23 16:27:46,132,132,1,0.0,74.3,70.0,94.2126475435507
2021,2021-09-14 18:34:20,181,181,1,0.0,74.3,70.0,94.2126475435507
2018,2018-09-18 10:38:47,100,230,1,0.0,56.6,53.3,94.1696124981887
2017,2017-09-29 23:43:03,162,162,1,0.0,5.31,5.0,94.16195958342571
2018,2018-09-26 20:03:31,239,239,1,0.0,5.31,5.0,94.16195958342571
2018,2018-09-01 02:30:07,188,188,2,0.0,5.31,5.0,94.16195958342571
2018,2018-09-16 15:02:15,140,140,1,0.0,5.31,5.0,94.16195958342571
2017,2017-09-12 21:27:30,133,133,1,0.0,5.31,5.0,94.16195958342571
2018,2018-09-16 20:11:49,141,141,1,0.0,5.31,5.0,94.16195958342571
2017,2017-09-06 22:13:01,125,125,2,0.0,5.31,5.0,94.16195958342571
2023,2023-09-17 01:42:28,19,19,1,0.11,106.19,99.99,94.16140461899154
2017,2017-09-13 22:20:32,264,265,5,0.0,65.0,61.2,94.15384732759917
2018,2018-09-12 17:46:53,132,132,1,0.0,73.3,69.0,94.13369321591767
2022,2022-09-27 05:11:11,132,132,1,0.0,86.05,81.0,94.13131566221989
2021,2021-09-19 03:57:34,265,265,1,0.0,64.6,60.8,94.11764810090075
2022,2022-09-27 15:10:19,237,237,1,0.0,98.5,92.7,94.11167202867226
2020,2020-09-03 15:26:41,234,164,3,0.32,106.4,100.1,94.07894458514127
2024,2024-09-29 11:49:37,229,140,1,1.49,212.6,200.0,94.07337453349807
2019,2019-09-29 01:38:03,164,164,1,3.0,106.3,100.0,94.07337453349807
2018,2018-09-07 18:00:46,161,161,1,0.0,72.3,68.0,94.05255481292366
2017,2017-09-01 00:56:35,265,265,1,0.0,63.8,60.0,94.04388827194032
2019,2019-09-17 05:22:05,264,264,2,0.0,63.8,60.0,94.04388827194032
2019,2019-09-11 05:43:49,138,138,1,0.0,63.8,60.0,94.04388827194032
2022,2022-09-15 23:59:55,265,265,2,0.0,63.8,60.0,94.04388827194032
2017,2017-09-30 03:41:23,265,265,1,0.0,63.8,60.0,94.04388827194032
2021,2021-09-11 23:06:51,72,72,1,0.0,63.8,60.0,94.04388827194032
2017,2017-09-09 02:21:58,265,265,1,1.1,63.8,60.0,94.04388827194032
2019,2019-09-22 04:05:34,264,264,1,0.0,63.8,60.0,94.04388827194032
2023,2023-09-12 12:59:40,68,50,2,1.0,211.21,198.61,94.03437067232082
2021,2021-09-04 15:14:10,7,7,2,0.0,55.3,52.0,94.03255102606045
2019,2019-09-20 14:08:41,138,138,1,0.0,55.3,52.0,94.03255102606045
2019,2019-09-07 13:42:30,223,223,3,0.0,55.3,52.0,94.03255102606045
2022,2022-09-22 15:03:12,69,264,3,0.0,55.3,52.0,94.03255102606045
2018,2018-09-03 14:40:05,138,138,3,0.0,55.3,52.0,94.03255102606045
2017,2017-09-13 17:42:04,138,265,1,17.3,101.06,95.0,94.00356451119029
2019,2019-09-12 17:58:58,265,264,1,0.57,88.3,83.0,93.99773174565897
2018,2018-09-12 02:08:37,90,142,5,3.03,212.8,200.0,93.98496105817979
2021,2021-09-06 14:54:03,132,132,0,0.0,75.55,71.0,93.97749454935071
2019,2019-09-11 18:07:57,138,138,1,0.0,71.3,67.0,93.96914043799357
2023,2023-09-08 15:40:21,93,93,1,0.0,74.5,70.0,93.95973154362416
2018,2018-09-23 08:36:36,141,237,1,0.5,95.8,90.0,93.94571725783322
2019,2019-09-24 04:00:00,226,226,1,1.4,128.6,120.8,93.93467909676517
2017,2017-09-10 13:54:58,164,164,1,0.0,54.3,51.0,93.92265325335724
2024,2024-09-16 21:19:22,142,142,1,0.24,154.4,145.0,93.91192081083469
2024,2024-09-01 18:06:21,181,181,3,0.0,73.86,69.36,93.9073924142788
2017,2017-09-01 23:28:51,265,265,1,0.0,62.36,58.56,93.9063515075884
2021,2021-09-11 04:24:51,137,137,1,3.6,21.3,20.0,93.89671697828686
2021,2021-09-23 22:19:38,262,262,1,0.4,21.3,20.0,93.89671697828686
2021,2021-09-02 13:19:59,138,132,1,0.0,74.55,70.0,93.8967097712942
2019,2019-09-28 02:34:33,50,233,1,1.72,201.1,188.8,93.88363864821247
2019,2019-09-28 19:40:51,246,249,1,1.66,225.49,211.69,93.87999347395636
2024,2024-09-11 13:26:16,64,64,1,0.0,73.5,69.0,93.87755102040816
2018,2018-09-08 23:01:09,141,141,3,17.6,62.0,58.2,93.870968972483
2018,2018-09-03 08:00:11,132,132,2,0.0,53.8,50.5,93.86617233483655
2023,2023-09-15 21:37:56,201,201,2,0.0,89.5,84.0,93.85474860335195
2018,2018-09-12 21:10:09,170,170,1,0.0,61.8,58.0,93.85113384470442
2022,2022-09-01 01:32:00,236,236,1,0.0,102.3,96.0,93.84163942930638
2017,2017-09-05 14:50:10,211,211,1,0.0,53.56,50.26,93.83868004640597
2019,2019-09-20 07:17:11,265,265,2,0.0,53.38,50.08,93.81791088229915
2017,2017-09-14 12:08:26,166,166,1,0.0,5.01,4.7,93.81236715660017
2018,2018-09-01 14:10:41,49,49,1,0.0,53.3,50.0,93.80863173677872
2019,2019-09-08 15:54:04,37,37,1,1.4,53.3,50.0,93.80863173677872
2017,2017-09-15 09:34:00,138,138,1,0.0,53.3,50.0,93.80863173677872
2018,2018-09-02 06:25:02,198,198,1,0.0,53.3,50.0,93.80863173677872
2019,2019-09-24 10:03:22,29,264,1,0.0,53.3,50.0,93.80863173677872
2019,2019-09-06 12:34:09,42,42,1,0.0,53.3,50.0,93.80863173677872
2018,2018-09-30 06:04:06,1,1,1,0.0,53.3,50.0,93.80863173677872
2018,2018-09-15 15:58:19,264,158,1,0.0,53.3,50.0,93.80863173677872
2017,2017-09-03 10:09:13,132,132,1,0.0,53.3,50.0,93.80863173677872
2020,2020-09-27 15:02:22,265,265,1,2.7,53.3,50.0,93.80863173677872
2017,2017-09-19 14:50:41,1,1,1,48.6,53.3,50.0,93.80863173677872
2022,2022-09-21 19:19:16,120,120,1,0.0,69.4,65.1,93.80403032101611
2019,2019-09-01 04:44:05,168,247,1,0.33,69.3,65.0,93.79508966464795
2021,2021-09-27 15:51:13,46,46,1,13.3,69.3,65.0,93.79508966464795
2019,2019-09-28 06:50:28,151,24,1,0.89,85.3,80.0,93.78663204907284
2017,2017-09-28 16:49:40,264,144,2,0.0,69.1,64.8,93.77714107479513
2021,2021-09-05 20:50:50,265,265,1,0.0,61.0,57.2,93.7704930539991
2018,2018-09-22 20:36:40,68,68,1,0.0,69.0,64.7,93.76811151919158
2023,2023-09-17 15:35:39,132,132,1,0.0,100.25,94.0,93.76558603491272
2017,2017-09-22 00:23:34,265,265,1,0.0,60.8,57.0,93.75000117640748
2023,2023-09-17 03:25:38,265,265,1,0.05,80.0,75.0,93.75
2024,2024-09-18 16:14:14,90,90,1,0.2,16.0,15.0,93.75
2018,2018-09-30 02:03:19,144,107,1,1.11,132.41,124.11,93.73158913813023
2019,2019-09-11 23:35:50,6,214,1,0.56,100.0,93.7,93.69999694824219
2024,2024-09-06 00:47:19,79,79,1,0.0,16.01,15.0,93.69144150879019
2022,2022-09-27 20:34:29,132,132,1,0.0,80.05,75.0,93.69143927640748
2021,2021-09-05 23:35:52,74,106,3,12.9,52.3,49.0,93.69024993269576
2017,2017-09-27 13:45:33,161,161,1,0.2,91.65,85.85,93.67157342586614
2018,2018-09-03 02:25:32,220,220,1,14.1,60.0,56.2,93.66666793823242
2017,2017-09-18 00:17:05,14,14,1,21.4,60.0,56.2,93.66666793823242
2018,2018-09-15 23:20:33,265,265,6,0.0,60.0,56.2,93.66666793823242
2018,2018-09-05 00:05:26,265,265,5,0.0,60.0,56.2,93.66666793823242
2018,2018-09-28 15:40:02,70,138,1,0.2,59.8,56.0,93.6454861445792
2017,2017-09-18 02:35:53,265,265,1,0.7,59.8,56.0,93.6454861445792
2017,2017-09-06 05:30:52,230,230,1,0.0,59.8,56.0,93.6454861445792
2020,2020-09-18 20:13:12,152,152,1,1.9,59.8,56.0,93.6454861445792
2021,2021-09-19 23:06:21,71,71,1,0.0,59.8,56.0,93.6454861445792
2018,2018-09-29 03:48:39,148,148,1,0.0,5.34,5.0,93.63295612598216
2024,2024-09-12 08:22:05,16,16,1,0.0,70.65,66.15,93.63057338597274
2021,2021-09-18 10:51:43,100,100,1,0.0,90.8,85.0,93.61233165548278
2023,2023-09-11 21:43:32,7,7,1,0.0,86.0,80.5,93.6046511627907
2018,2018-09-29 22:26:18,236,236,2,0.0,59.35,55.55,93.5973052489336
2017,2017-09-24 21:58:56,162,162,2,0.0,59.3,55.5,93.59190676905494
2021,2021-09-18 19:31:55,138,265,1,26.5,106.86,100.0,93.580385016686
2017,2017-09-13 10:41:30,261,261,1,0.0,51.3,48.0,93.56725285353117
2021,2021-09-19 15:56:57,265,265,1,0.0,51.3,48.0,93.56725285353117
2019,2019-09-02 18:17:10,68,174,1,15.7,48.1,45.0,93.55509652294695
2018,2018-09-15 23:43:40,255,255,1,0.0,58.88,55.08,93.54619706500256
2018,2018-09-09 04:32:29,265,265,4,0.0,58.8,55.0,93.5374161796494
2017,2017-09-10 03:39:33,138,138,1,0.0,58.8,55.0,93.5374161796494
2020,2020-09-14 04:25:39,265,265,1,0.0,58.8,55.0,93.5374161796494
2024,2024-09-04 17:48:44,1,1,1,0.0,100.5,94.0,93.53233830845771
2018,2018-09-23 10:43:26,138,138,1,0.0,51.0,47.7,93.52941326066559
2022,2022-09-21 18:31:21,132,132,5,0.0,85.55,80.0,93.51256241522276
2022,2022-09-25 17:40:50,134,132,2,5.27,5.35,5.0,93.45794559118585
2024,2024-09-07 13:56:07,233,233,1,0.0,107.0,100.0,93.45794392523365
2022,2022-09-24 03:49:22,249,249,1,1.1,96.3,90.0,93.45794096354099
2019,2019-09-24 18:01:48,162,162,1,6.53,439.91,411.11,93.45320222982065
2022,2022-09-11 16:09:42,265,265,1,0.0,50.3,47.0,93.43936523436537
2017,2017-09-17 19:24:09,230,230,2,0.0,50.3,47.0,93.43936523436537
2018,2018-09-08 13:53:56,265,265,1,1.2,50.3,47.0,93.43936523436537
2018,2018-09-30 08:27:34,264,264,2,0.0,50.3,47.0,93.43936523436537
2018,2018-09-14 13:08:32,138,138,1,0.0,50.3,47.0,93.43936523436537
2018,2018-09-27 17:38:11,138,138,1,0.0,65.3,61.0,93.41500329127157
2018,2018-09-13 11:09:28,265,265,1,0.4,50.0,46.7,93.4000015258789
2024,2024-09-04 17:04:23,265,265,1,0.0,106.0,99.0,93.39622641509435
2023,2023-09-06 18:42:03,1,1,1,0.0,106.0,99.0,93.39622641509435
2019,2019-09-09 16:18:57,132,132,1,0.0,65.0,60.7,93.38461655836839
2018,2018-09-22 05:00:27,162,48,4,1.33,117.8,110.0,93.37860539075646
2018,2018-09-23 20:41:28,265,265,1,0.03,37.5,35.0,93.33333333333333
2024,2024-09-10 02:04:59,265,265,2,0.0,75.0,70.0,93.33333333333333
2022,2022-09-05 13:58:35,151,166,1,0.45,72.0,67.2,93.33332909478081
2018,2018-09-26 16:25:50,74,74,1,0.0,64.3,60.0,93.3125927718906
2018,2018-09-05 16:57:52,265,265,0,1.0,64.3,60.0,93.3125927718906
2022,2022-09-17 02:25:29,42,42,1,0.17,64.3,60.0,93.3125927718906
2019,2019-09-04 17:02:51,132,132,1,0.0,64.3,60.0,93.3125927718906
2017,2017-09-09 17:37:25,247,247,2,0.0,64.3,60.0,93.3125927718906
2018,2018-09-17 16:58:00,260,260,1,0.0,64.3,60.0,93.3125927718906
2019,2019-09-24 17:03:15,265,265,1,1.2,64.3,60.0,93.3125927718906
2019,2019-09-21 19:35:24,145,145,1,4.4,49.3,46.0,93.30628947641074
2017,2017-09-23 06:34:05,70,138,1,0.1,49.3,46.0,93.30628947641074
2018,2018-09-11 14:22:12,234,164,1,12.7,49.28,45.98,93.30357281086842
2019,2019-09-21 10:04:46,100,265,2,41.5,160.8,150.0,93.2835803191611
2020,2020-09-16 13:33:18,142,143,2,0.45,108.1,100.8,93.24699766382432
2017,2017-09-10 06:37:13,167,167,1,23.0,48.85,45.55,93.24462775815896
2017,2017-09-16 19:28:35,265,265,1,0.0,48.84,45.54,93.24324482647306
2019,2019-09-02 05:25:10,132,130,1,4.75,300.3,280.0,93.24009703025234
2017,2017-09-15 00:29:18,48,230,2,0.4,85.8,80.0,93.24008992370429
2021,2021-09-24 11:16:21,142,142,1,0.0,85.8,80.0,93.24008992370429
2021,2021-09-13 13:53:25,56,56,1,0.0,48.8,45.5,93.23770637571157
2018,2018-09-23 06:38:54,49,49,1,0.0,48.75,45.45,93.23077079577324
2024,2024-09-10 15:52:01,114,230,1,2.6,412.4,384.4,93.21047516624643
2018,2018-09-20 00:51:06,230,48,1,1.2,107.3,100.0,93.1966422701437
2021,2021-09-11 05:30:31,80,80,1,1.2,107.3,100.0,93.1966422701437
2018,2018-09-29 04:57:25,74,74,2,0.0,55.8,52.0,93.1899654318692
2017,2017-09-24 02:19:15,264,265,1,0.0,55.8,52.0,93.1899654318692
2018,2018-09-20 01:05:17,112,112,1,0.0,55.8,52.0,93.1899654318692
2022,2022-09-24 00:54:13,89,89,1,0.0,55.8,52.0,93.1899654318692
2018,2018-09-11 19:41:42,132,132,1,0.1,63.0,58.7,93.17460438561818
2021,2021-09-21 07:36:58,42,42,1,0.0,48.3,45.0,93.16770333501691
2018,2018-09-13 08:17:39,138,138,2,0.0,48.3,45.0,93.16770333501691
2018,2018-09-30 15:37:46,161,161,1,0.0,48.3,45.0,93.16770333501691
2018,2018-09-18 15:36:17,66,66,3,0.0,48.3,45.0,93.16770333501691
2018,2018-09-10 06:07:28,264,138,2,0.0,48.3,45.0,93.16770333501691
2019,2019-09-16 14:05:35,226,226,2,0.0,48.3,45.0,93.16770333501691
2018,2018-09-14 09:27:15,100,100,1,0.0,48.3,45.0,93.16770333501691
2018,2018-09-16 00:40:39,41,41,1,0.2,62.86,58.56,93.15940312550293
2019,2019-09-02 09:35:26,138,223,1,1.17,113.8,106.0,93.14586744939693
2017,2017-09-23 03:22:41,163,48,1,1.7,171.8,160.0,93.13154665765468
2018,2018-09-12 21:20:16,230,163,1,0.2,69.8,65.0,93.12320509757208
2022,2022-09-16 17:08:32,132,132,1,0.0,80.55,75.0,93.10986611857528
2019,2019-09-23 20:52:03,265,265,1,7.0,55.0,51.2,93.09091047807173
2024,2024-09-05 12:27:54,264,164,1,0.0,75.2,70.0,93.08511016054804
2017,2017-09-11 02:55:09,63,63,1,0.0,54.8,51.0,93.06569472634106
2019,2019-09-30 18:29:19,97,97,1,0.0,62.0,57.7,93.06451735957977
2018,2018-09-03 17:07:36,239,239,1,0.0,47.37,44.07,93.03356700132979
2017,2017-09-17 13:34:58,233,233,2,0.0,47.3,44.0,93.02325731439986
2017,2017-09-21 15:34:00,264,265,1,0.0,47.3,44.0,93.02325731439986
2019,2019-09-17 14:33:30,185,185,1,0.0,47.3,44.0,93.02325731439986
2023,2023-09-14 17:35:09,265,265,4,0.0,100.0,93.0,93.0
2021,2021-09-18 16:35:21,92,92,1,0.0,47.0,43.7,92.97872502753076
2022,2022-09-25 13:08:11,138,138,0,0.0,64.55,60.0,92.95119622518142
2022,2022-09-26 08:07:16,132,132,0,0.0,64.55,60.0,92.95119622518142
2021,2021-09-27 05:58:42,138,138,1,0.0,64.55,60.0,92.95119622518142
2017,2017-09-09 20:50:56,37,37,1,2.6,53.85,50.05,92.94336240531793
2017,2017-09-16 04:08:21,162,236,1,1.91,124.68,115.88,92.9419289138448
2022,2022-09-10 16:09:08,264,264,1,0.0,46.73,43.43,92.93815692405929
2021,2021-09-19 00:07:07,24,24,1,0.0,53.8,50.0,92.93680429191737
2018,2018-09-06 02:37:36,265,265,1,2.1,53.8,50.0,92.93680429191737
2020,2020-09-09 20:56:00,265,264,1,0.0,53.8,50.0,92.93680429191737
2022,2022-09-03 05:07:36,165,165,1,0.0,53.8,50.0,92.93680429191737
2018,2018-09-04 20:04:33,264,265,1,0.01,53.8,50.0,92.93680429191737
2018,2018-09-15 23:56:54,13,13,2,0.0,53.8,50.0,92.93680429191737
2018,2018-09-04 04:03:24,68,68,1,0.0,53.8,50.0,92.93680429191737
2019,2019-09-22 01:05:31,65,65,1,3.0,53.8,50.0,92.93680429191737
2022,2022-09-16 03:01:13,265,265,1,1.6,53.8,50.0,92.93680429191737
2017,2017-09-15 04:57:37,145,145,1,0.0,53.8,50.0,92.93680429191737
2018,2018-09-13 20:52:15,164,164,1,0.14,53.8,50.0,92.93680429191737
2018,2018-09-23 22:30:42,265,265,1,0.0,53.8,50.0,92.93680429191737
2019,2019-09-09 04:13:19,265,265,0,0.0,53.8,50.0,92.93680429191737
2022,2022-09-07 01:53:59,265,265,2,0.0,53.8,50.0,92.93680429191737
2020,2020-09-15 04:38:49,41,41,1,0.0,53.8,50.0,92.93680429191737
2018,2018-09-27 23:04:01,82,82,1,0.02,53.8,50.0,92.93680429191737
2021,2021-09-11 03:17:53,37,37,1,2.4,53.8,50.0,92.93680429191737
2022,2022-09-09 00:58:11,75,264,5,0.0,53.8,50.0,92.93680429191737
2017,2017-09-17 15:06:57,170,170,3,0.0,53.8,50.0,92.93680429191737
2019,2019-09-15 13:15:48,74,74,2,0.14,46.65,43.35,92.9260387056426
2017,2017-09-08 11:15:36,264,131,4,0.0,46.3,43.0,92.87257172475483
2017,2017-09-09 16:30:43,264,265,1,0.0,46.3,43.0,92.87257172475483
2019,2019-09-03 14:35:25,138,138,1,0.0,46.3,43.0,92.87257172475483
2018,2018-09-20 08:24:24,7,7,1,0.0,46.3,43.0,92.87257172475483
2018,2018-09-18 17:30:22,161,161,1,0.0,60.3,56.0,92.86898956639165
2020,2020-09-13 11:53:11,79,107,1,1.44,150.8,140.0,92.8381944076944
2023,2023-09-30 16:10:44,132,132,1,0.0,87.25,81.0,92.83667621776505
2018,2018-09-07 19:11:21,265,265,1,0.0,60.0,55.7,92.8333346048991
2024,2024-09-27 10:02:17,132,132,1,0.0,87.19,80.94,92.83174696066772
2019,2019-09-30 07:31:56,162,170,2,0.76,108.8,101.0,92.83087974910512
2018,2018-09-04 14:56:39,138,138,1,0.0,46.0,42.7,92.82608861508577
2022,2022-09-03 14:31:21,261,261,5,0.0,80.8,75.0,92.82177867240608
2022,2022-09-20 15:50:04,239,239,1,0.0,80.8,75.0,92.82177867240608
2018,2018-09-12 04:11:09,229,229,1,0.04,59.8,55.5,92.80936573257402
2023,2023-09-29 23:33:54,226,226,1,0.0,95.78,88.88,92.79598912735592
2024,2024-09-06 10:00:08,87,264,1,22.0,97.0,90.0,92.78350515463917
